kind	body	path	url	status	bytes
license	Ariel	images/Ariel/LICENSE-diffuse	https://gitlab.com/Dexter9313/prograde-data/-/raw/master/solarsystem/systems/Solar%20System/images/Ariel/LICENSE-diffuse	206	284
license	Ariel	images/Ariel/LICENSE-normal	https://gitlab.com/Dexter9313/prograde-data/-/raw/master/solarsystem/systems/Solar%20System/images/Ariel/LICENSE-normal	206	284
diffuse-map	Ariel	images/Ariel/diffuse.jpg	https://gitlab.com/Dexter9313/prograde-data/-/raw/master/solarsystem/systems/Solar%20System/images/Ariel/diffuse.jpg	206	1528606
normal-map	Ariel	images/Ariel/normal.png	https://gitlab.com/Dexter9313/prograde-data/-/raw/master/solarsystem/systems/Solar%20System/images/Ariel/normal.png	206	44811128
license	Callisto	images/Callisto/LICENSE-diffuse	https://gitlab.com/Dexter9313/prograde-data/-/raw/master/solarsystem/systems/Solar%20System/images/Callisto/LICENSE-diffuse	206	167
license	Callisto	images/Callisto/LICENSE-normal	https://gitlab.com/Dexter9313/prograde-data/-/raw/master/solarsystem/systems/Solar%20System/images/Callisto/LICENSE-normal	206	167
diffuse-map	Callisto	images/Callisto/diffuse.jpg	https://gitlab.com/Dexter9313/prograde-data/-/raw/master/solarsystem/systems/Solar%20System/images/Callisto/diffuse.jpg	206	14125227
normal-map	Callisto	images/Callisto/normal.jpg	https://gitlab.com/Dexter9313/prograde-data/-/raw/master/solarsystem/systems/Solar%20System/images/Callisto/normal.jpg	206	8302904
license	Ceres	images/Ceres/LICENSE-diffuse	https://gitlab.com/Dexter9313/prograde-data/-/raw/master/solarsystem/systems/Solar%20System/images/Ceres/LICENSE-diffuse	206	483
license	Ceres	images/Ceres/LICENSE-normal	https://gitlab.com/Dexter9313/prograde-data/-/raw/master/solarsystem/systems/Solar%20System/images/Ceres/LICENSE-normal	206	309
diffuse-map	Ceres	images/Ceres/diffuse.jpg	https://gitlab.com/Dexter9313/prograde-data/-/raw/master/solarsystem/systems/Solar%20System/images/Ceres/diffuse.jpg	206	15170284
normal-map	Ceres	images/Ceres/normal.jpg	https://gitlab.com/Dexter9313/prograde-data/-/raw/master/solarsystem/systems/Solar%20System/images/Ceres/normal.jpg	206	21493466
license	Charon	images/Charon/LICENSE-diffuse	https://gitlab.com/Dexter9313/prograde-data/-/raw/master/solarsystem/systems/Solar%20System/images/Charon/LICENSE-diffuse	206	125
license	Charon	images/Charon/LICENSE-normal	https://gitlab.com/Dexter9313/prograde-data/-/raw/master/solarsystem/systems/Solar%20System/images/Charon/LICENSE-normal	206	207
diffuse-map	Charon	images/Charon/diffuse.png	https://gitlab.com/Dexter9313/prograde-data/-/raw/master/solarsystem/systems/Solar%20System/images/Charon/diffuse.png	206	10847729
normal-map	Charon	images/Charon/normal.png	https://gitlab.com/Dexter9313/prograde-data/-/raw/master/solarsystem/systems/Solar%20System/images/Charon/normal.png	206	15117020
license	Deimos	images/Deimos/LICENSE-diffuse	https://gitlab.com/Dexter9313/prograde-data/-/raw/master/solarsystem/systems/Solar%20System/images/Deimos/LICENSE-diffuse	206	115
license	Deimos	images/Deimos/LICENSE-normal	https://gitlab.com/Dexter9313/prograde-data/-/raw/master/solarsystem/systems/Solar%20System/images/Deimos/LICENSE-normal	206	267
diffuse-map	Deimos	images/Deimos/diffuse.png	https://gitlab.com/Dexter9313/prograde-data/-/raw/master/solarsystem/systems/Solar%20System/images/Deimos/diffuse.png	206	8862495
normal-map	Deimos	images/Deimos/normal.png	https://gitlab.com/Dexter9313/prograde-data/-/raw/master/solarsystem/systems/Solar%20System/images/Deimos/normal.png	206	5693723
license	Dione	images/Dione/LICENSE-diffuse	https://gitlab.com/Dexter9313/prograde-data/-/raw/master/solarsystem/systems/Solar%20System/images/Dione/LICENSE-diffuse	206	205
license	Dione	images/Dione/LICENSE-normal	https://gitlab.com/Dexter9313/prograde-data/-/raw/master/solarsystem/systems/Solar%20System/images/Dione/LICENSE-normal	206	270
diffuse-map	Dione	images/Dione/diffuse.jpg	https://gitlab.com/Dexter9313/prograde-data/-/raw/master/solarsystem/systems/Solar%20System/images/Dione/diffuse.jpg	206	4762355
normal-map	Dione	images/Dione/normal.png	https://gitlab.com/Dexter9313/prograde-data/-/raw/master/solarsystem/systems/Solar%20System/images/Dione/normal.png	206	15312474
license	Earth	images/Earth/LICENSE-clouds	https://gitlab.com/Dexter9313/prograde-data/-/raw/master/solarsystem/systems/Solar%20System/images/Earth/LICENSE-clouds	206	107
license	Earth	images/Earth/LICENSE-diffuse	https://gitlab.com/Dexter9313/prograde-data/-/raw/master/solarsystem/systems/Solar%20System/images/Earth/LICENSE-diffuse	206	107
license	Earth	images/Earth/LICENSE-night	https://gitlab.com/Dexter9313/prograde-data/-/raw/master/solarsystem/systems/Solar%20System/images/Earth/LICENSE-night	206	107
license	Earth	images/Earth/LICENSE-normal	https://gitlab.com/Dexter9313/prograde-data/-/raw/master/solarsystem/systems/Solar%20System/images/Earth/LICENSE-normal	206	109
license	Earth	images/Earth/LICENSE-specular	https://gitlab.com/Dexter9313/prograde-data/-/raw/master/solarsystem/systems/Solar%20System/images/Earth/LICENSE-specular	206	107
cloud-map	Earth	images/Earth/clouds.jpg	https://gitlab.com/Dexter9313/prograde-data/-/raw/master/solarsystem/systems/Solar%20System/images/Earth/clouds.jpg	206	44886908
diffuse-map	Earth	images/Earth/diffuse.jpg	https://gitlab.com/Dexter9313/prograde-data/-/raw/master/solarsystem/systems/Solar%20System/images/Earth/diffuse.jpg	206	35060309
night-map	Earth	images/Earth/night.jpg	https://gitlab.com/Dexter9313/prograde-data/-/raw/master/solarsystem/systems/Solar%20System/images/Earth/night.jpg	206	11110492
normal-map	Earth	images/Earth/normal.jpg	https://gitlab.com/Dexter9313/prograde-data/-/raw/master/solarsystem/systems/Solar%20System/images/Earth/normal.jpg	206	4577067
specular-map	Earth	images/Earth/specular.jpg	https://gitlab.com/Dexter9313/prograde-data/-/raw/master/solarsystem/systems/Solar%20System/images/Earth/specular.jpg	206	11114768
license	Enceladus	images/Enceladus/LICENSE-diffuse	https://gitlab.com/Dexter9313/prograde-data/-/raw/master/solarsystem/systems/Solar%20System/images/Enceladus/LICENSE-diffuse	206	212
license	Enceladus	images/Enceladus/LICENSE-normal	https://gitlab.com/Dexter9313/prograde-data/-/raw/master/solarsystem/systems/Solar%20System/images/Enceladus/LICENSE-normal	206	278
diffuse-map	Enceladus	images/Enceladus/diffuse.jpg	https://gitlab.com/Dexter9313/prograde-data/-/raw/master/solarsystem/systems/Solar%20System/images/Enceladus/diffuse.jpg	206	4069459
normal-map	Enceladus	images/Enceladus/normal.jpg	https://gitlab.com/Dexter9313/prograde-data/-/raw/master/solarsystem/systems/Solar%20System/images/Enceladus/normal.jpg	206	3485696
license	Eris	images/Eris/LICENSE-diffuse	https://gitlab.com/Dexter9313/prograde-data/-/raw/master/solarsystem/systems/Solar%20System/images/Eris/LICENSE-diffuse	206	157
license	Eris	images/Eris/LICENSE-normal	https://gitlab.com/Dexter9313/prograde-data/-/raw/master/solarsystem/systems/Solar%20System/images/Eris/LICENSE-normal	206	157
diffuse-map	Eris	images/Eris/diffuse.jpg	https://gitlab.com/Dexter9313/prograde-data/-/raw/master/solarsystem/systems/Solar%20System/images/Eris/diffuse.jpg	206	758158
normal-map	Eris	images/Eris/normal.jpg	https://gitlab.com/Dexter9313/prograde-data/-/raw/master/solarsystem/systems/Solar%20System/images/Eris/normal.jpg	206	1544192
license	Europa	images/Europa/LICENSE-diffuse	https://gitlab.com/Dexter9313/prograde-data/-/raw/master/solarsystem/systems/Solar%20System/images/Europa/LICENSE-diffuse	206	238
license	Europa	images/Europa/LICENSE-normal	https://gitlab.com/Dexter9313/prograde-data/-/raw/master/solarsystem/systems/Solar%20System/images/Europa/LICENSE-normal	206	167
diffuse-map	Europa	images/Europa/diffuse.jpg	https://gitlab.com/Dexter9313/prograde-data/-/raw/master/solarsystem/systems/Solar%20System/images/Europa/diffuse.jpg	206	63798658
normal-map	Europa	images/Europa/normal.jpg	https://gitlab.com/Dexter9313/prograde-data/-/raw/master/solarsystem/systems/Solar%20System/images/Europa/normal.jpg	206	21094418
license	Ganymede	images/Ganymede/LICENSE-diffuse	https://gitlab.com/Dexter9313/prograde-data/-/raw/master/solarsystem/systems/Solar%20System/images/Ganymede/LICENSE-diffuse	206	139
license	Ganymede	images/Ganymede/LICENSE-normal	https://gitlab.com/Dexter9313/prograde-data/-/raw/master/solarsystem/systems/Solar%20System/images/Ganymede/LICENSE-normal	206	167
diffuse-map	Ganymede	images/Ganymede/diffuse.png	https://gitlab.com/Dexter9313/prograde-data/-/raw/master/solarsystem/systems/Solar%20System/images/Ganymede/diffuse.png	206	27241266
normal-map	Ganymede	images/Ganymede/normal.jpg	https://gitlab.com/Dexter9313/prograde-data/-/raw/master/solarsystem/systems/Solar%20System/images/Ganymede/normal.jpg	206	30504797
license	Haumea	images/Haumea/LICENSE-diffuse	https://gitlab.com/Dexter9313/prograde-data/-/raw/master/solarsystem/systems/Solar%20System/images/Haumea/LICENSE-diffuse	206	168
license	Haumea	images/Haumea/LICENSE-normal	https://gitlab.com/Dexter9313/prograde-data/-/raw/master/solarsystem/systems/Solar%20System/images/Haumea/LICENSE-normal	206	250
diffuse-map	Haumea	images/Haumea/diffuse.png	https://gitlab.com/Dexter9313/prograde-data/-/raw/master/solarsystem/systems/Solar%20System/images/Haumea/diffuse.png	206	2720453
normal-map	Haumea	images/Haumea/normal.png	https://gitlab.com/Dexter9313/prograde-data/-/raw/master/solarsystem/systems/Solar%20System/images/Haumea/normal.png	206	5080335
license	Hyperion	images/Hyperion/LICENSE-diffuse	https://gitlab.com/Dexter9313/prograde-data/-/raw/master/solarsystem/systems/Solar%20System/images/Hyperion/LICENSE-diffuse	206	120
diffuse-map	Hyperion	images/Hyperion/diffuse.png	https://gitlab.com/Dexter9313/prograde-data/-/raw/master/solarsystem/systems/Solar%20System/images/Hyperion/diffuse.png	206	4019359
license	Iapetus	images/Iapetus/LICENSE-diffuse	https://gitlab.com/Dexter9313/prograde-data/-/raw/master/solarsystem/systems/Solar%20System/images/Iapetus/LICENSE-diffuse	206	169
license	Iapetus	images/Iapetus/LICENSE-normal	https://gitlab.com/Dexter9313/prograde-data/-/raw/master/solarsystem/systems/Solar%20System/images/Iapetus/LICENSE-normal	206	203
diffuse-map	Iapetus	images/Iapetus/diffuse.jpg	https://gitlab.com/Dexter9313/prograde-data/-/raw/master/solarsystem/systems/Solar%20System/images/Iapetus/diffuse.jpg	206	119842
height-map	Iapetus	images/Iapetus/iapetus_elevation_map_by_oleg_pluton_dciddid.png	https://gitlab.com/Dexter9313/prograde-data/-/raw/master/solarsystem/systems/Solar%20System/images/Iapetus/iapetus_elevation_map_by_oleg_pluton_dciddid.png	206	31352904
normal-map	Iapetus	images/Iapetus/normal.png	https://gitlab.com/Dexter9313/prograde-data/-/raw/master/solarsystem/systems/Solar%20System/images/Iapetus/normal.png	206	24849229
license	Io	images/Io/LICENSE-diffuse	https://gitlab.com/Dexter9313/prograde-data/-/raw/master/solarsystem/systems/Solar%20System/images/Io/LICENSE-diffuse	206	254
license	Io	images/Io/LICENSE-normal	https://gitlab.com/Dexter9313/prograde-data/-/raw/master/solarsystem/systems/Solar%20System/images/Io/LICENSE-normal	206	125
diffuse-map	Io	images/Io/diffuse.png	https://gitlab.com/Dexter9313/prograde-data/-/raw/master/solarsystem/systems/Solar%20System/images/Io/diffuse.png	206	32301184
normal-map	Io	images/Io/normal.png	https://gitlab.com/Dexter9313/prograde-data/-/raw/master/solarsystem/systems/Solar%20System/images/Io/normal.png	206	15216383
license	Juno	images/Juno/LICENSE-diffuse	https://gitlab.com/Dexter9313/prograde-data/-/raw/master/solarsystem/systems/Solar%20System/images/Juno/LICENSE-diffuse	206	157
license	Juno	images/Juno/LICENSE-normal	https://gitlab.com/Dexter9313/prograde-data/-/raw/master/solarsystem/systems/Solar%20System/images/Juno/LICENSE-normal	206	157
diffuse-map	Juno	images/Juno/diffuse.jpg	https://gitlab.com/Dexter9313/prograde-data/-/raw/master/solarsystem/systems/Solar%20System/images/Juno/diffuse.jpg	206	300210
normal-map	Juno	images/Juno/normal.jpg	https://gitlab.com/Dexter9313/prograde-data/-/raw/master/solarsystem/systems/Solar%20System/images/Juno/normal.jpg	206	311430
license	Jupiter	images/Jupiter/LICENSE-diffuse	https://gitlab.com/Dexter9313/prograde-data/-/raw/master/solarsystem/systems/Solar%20System/images/Jupiter/LICENSE-diffuse	206	183
diffuse-map	Jupiter	images/Jupiter/diffuse.png	https://gitlab.com/Dexter9313/prograde-data/-/raw/master/solarsystem/systems/Solar%20System/images/Jupiter/diffuse.png	206	99552458
license	Makemake	images/Makemake/LICENSE-diffuse	https://gitlab.com/Dexter9313/prograde-data/-/raw/master/solarsystem/systems/Solar%20System/images/Makemake/LICENSE-diffuse	206	168
license	Makemake	images/Makemake/LICENSE-normal	https://gitlab.com/Dexter9313/prograde-data/-/raw/master/solarsystem/systems/Solar%20System/images/Makemake/LICENSE-normal	206	250
diffuse-map	Makemake	images/Makemake/diffuse.png	https://gitlab.com/Dexter9313/prograde-data/-/raw/master/solarsystem/systems/Solar%20System/images/Makemake/diffuse.png	206	627943
normal-map	Makemake	images/Makemake/normal.png	https://gitlab.com/Dexter9313/prograde-data/-/raw/master/solarsystem/systems/Solar%20System/images/Makemake/normal.png	206	1385352
license	Mars	images/Mars/LICENSE-diffuse	https://gitlab.com/Dexter9313/prograde-data/-/raw/master/solarsystem/systems/Solar%20System/images/Mars/LICENSE-diffuse	206	154
license	Mars	images/Mars/LICENSE-normal	https://gitlab.com/Dexter9313/prograde-data/-/raw/master/solarsystem/systems/Solar%20System/images/Mars/LICENSE-normal	206	154
diffuse-map	Mars	images/Mars/diffuse.png	https://gitlab.com/Dexter9313/prograde-data/-/raw/master/solarsystem/systems/Solar%20System/images/Mars/diffuse.png	206	48470986
normal-map	Mars	images/Mars/normal.png	https://gitlab.com/Dexter9313/prograde-data/-/raw/master/solarsystem/systems/Solar%20System/images/Mars/normal.png	206	5515194
license	Mercury	images/Mercury/LICENSE-diffuse	https://gitlab.com/Dexter9313/prograde-data/-/raw/master/solarsystem/systems/Solar%20System/images/Mercury/LICENSE-diffuse	206	244
license	Mercury	images/Mercury/LICENSE-normal	https://gitlab.com/Dexter9313/prograde-data/-/raw/master/solarsystem/systems/Solar%20System/images/Mercury/LICENSE-normal	206	240
diffuse-map	Mercury	images/Mercury/diffuse.jpg	https://gitlab.com/Dexter9313/prograde-data/-/raw/master/solarsystem/systems/Solar%20System/images/Mercury/diffuse.jpg	206	30736147
normal-map	Mercury	images/Mercury/normal.png	https://gitlab.com/Dexter9313/prograde-data/-/raw/master/solarsystem/systems/Solar%20System/images/Mercury/normal.png	206	30043853
license	Mimas	images/Mimas/LICENSE-diffuse	https://gitlab.com/Dexter9313/prograde-data/-/raw/master/solarsystem/systems/Solar%20System/images/Mimas/LICENSE-diffuse	206	124
license	Mimas	images/Mimas/LICENSE-normal	https://gitlab.com/Dexter9313/prograde-data/-/raw/master/solarsystem/systems/Solar%20System/images/Mimas/LICENSE-normal	206	227
diffuse-map	Mimas	images/Mimas/diffuse.png	https://gitlab.com/Dexter9313/prograde-data/-/raw/master/solarsystem/systems/Solar%20System/images/Mimas/diffuse.png	206	20364343
normal-map	Mimas	images/Mimas/normal.png	https://gitlab.com/Dexter9313/prograde-data/-/raw/master/solarsystem/systems/Solar%20System/images/Mimas/normal.png	206	1451574
license	Miranda	images/Miranda/LICENSE-diffuse	https://gitlab.com/Dexter9313/prograde-data/-/raw/master/solarsystem/systems/Solar%20System/images/Miranda/LICENSE-diffuse	206	284
license	Miranda	images/Miranda/LICENSE-normal	https://gitlab.com/Dexter9313/prograde-data/-/raw/master/solarsystem/systems/Solar%20System/images/Miranda/LICENSE-normal	206	288
diffuse-map	Miranda	images/Miranda/diffuse.jpg	https://gitlab.com/Dexter9313/prograde-data/-/raw/master/solarsystem/systems/Solar%20System/images/Miranda/diffuse.jpg	206	413807
normal-map	Miranda	images/Miranda/normal.png	https://gitlab.com/Dexter9313/prograde-data/-/raw/master/solarsystem/systems/Solar%20System/images/Miranda/normal.png	206	15925869
license	Moon	images/Moon/LICENSE-diffuse	https://gitlab.com/Dexter9313/prograde-data/-/raw/master/solarsystem/systems/Solar%20System/images/Moon/LICENSE-diffuse	206	178
license	Moon	images/Moon/LICENSE-normal	https://gitlab.com/Dexter9313/prograde-data/-/raw/master/solarsystem/systems/Solar%20System/images/Moon/LICENSE-normal	206	178
diffuse-map	Moon	images/Moon/diffuse.jpg	https://gitlab.com/Dexter9313/prograde-data/-/raw/master/solarsystem/systems/Solar%20System/images/Moon/diffuse.jpg	206	57019689
normal-map	Moon	images/Moon/normal.jpg	https://gitlab.com/Dexter9313/prograde-data/-/raw/master/solarsystem/systems/Solar%20System/images/Moon/normal.jpg	206	14631381
license	Neptune	images/Neptune/LICENSE-diffuse	https://gitlab.com/Dexter9313/prograde-data/-/raw/master/solarsystem/systems/Solar%20System/images/Neptune/LICENSE-diffuse	206	230
diffuse-map	Neptune	images/Neptune/diffuse.jpg	https://gitlab.com/Dexter9313/prograde-data/-/raw/master/solarsystem/systems/Solar%20System/images/Neptune/diffuse.jpg	206	85857
license	Oberon	images/Oberon/LICENSE-diffuse	https://gitlab.com/Dexter9313/prograde-data/-/raw/master/solarsystem/systems/Solar%20System/images/Oberon/LICENSE-diffuse	206	284
license	Oberon	images/Oberon/LICENSE-normal	https://gitlab.com/Dexter9313/prograde-data/-/raw/master/solarsystem/systems/Solar%20System/images/Oberon/LICENSE-normal	206	284
diffuse-map	Oberon	images/Oberon/diffuse.jpg	https://gitlab.com/Dexter9313/prograde-data/-/raw/master/solarsystem/systems/Solar%20System/images/Oberon/diffuse.jpg	206	4199397
normal-map	Oberon	images/Oberon/normal.png	https://gitlab.com/Dexter9313/prograde-data/-/raw/master/solarsystem/systems/Solar%20System/images/Oberon/normal.png	206	52140601
license	Pallas	images/Pallas/LICENSE-diffuse	https://gitlab.com/Dexter9313/prograde-data/-/raw/master/solarsystem/systems/Solar%20System/images/Pallas/LICENSE-diffuse	206	157
license	Pallas	images/Pallas/LICENSE-normal	https://gitlab.com/Dexter9313/prograde-data/-/raw/master/solarsystem/systems/Solar%20System/images/Pallas/LICENSE-normal	206	157
diffuse-map	Pallas	images/Pallas/diffuse.jpg	https://gitlab.com/Dexter9313/prograde-data/-/raw/master/solarsystem/systems/Solar%20System/images/Pallas/diffuse.jpg	206	282411
normal-map	Pallas	images/Pallas/normal.jpg	https://gitlab.com/Dexter9313/prograde-data/-/raw/master/solarsystem/systems/Solar%20System/images/Pallas/normal.jpg	206	331677
license	Phobos	images/Phobos/LICENSE-diffuse	https://gitlab.com/Dexter9313/prograde-data/-/raw/master/solarsystem/systems/Solar%20System/images/Phobos/LICENSE-diffuse	206	228
license	Phobos	images/Phobos/LICENSE-normal	https://gitlab.com/Dexter9313/prograde-data/-/raw/master/solarsystem/systems/Solar%20System/images/Phobos/LICENSE-normal	206	201
diffuse-map	Phobos	images/Phobos/diffuse.png	https://gitlab.com/Dexter9313/prograde-data/-/raw/master/solarsystem/systems/Solar%20System/images/Phobos/diffuse.png	206	8902544
normal-map	Phobos	images/Phobos/normal.png	https://gitlab.com/Dexter9313/prograde-data/-/raw/master/solarsystem/systems/Solar%20System/images/Phobos/normal.png	206	1829443
license	Pluto	images/Pluto/LICENSE-diffuse	https://gitlab.com/Dexter9313/prograde-data/-/raw/master/solarsystem/systems/Solar%20System/images/Pluto/LICENSE-diffuse	206	196
license	Pluto	images/Pluto/LICENSE-normal	https://gitlab.com/Dexter9313/prograde-data/-/raw/master/solarsystem/systems/Solar%20System/images/Pluto/LICENSE-normal	206	278
diffuse-map	Pluto	images/Pluto/diffuse.jpg	https://gitlab.com/Dexter9313/prograde-data/-/raw/master/solarsystem/systems/Solar%20System/images/Pluto/diffuse.jpg	206	1672586
normal-map	Pluto	images/Pluto/normal.jpg	https://gitlab.com/Dexter9313/prograde-data/-/raw/master/solarsystem/systems/Solar%20System/images/Pluto/normal.jpg	206	4154991
license	Rhea	images/Rhea/LICENSE-diffuse	https://gitlab.com/Dexter9313/prograde-data/-/raw/master/solarsystem/systems/Solar%20System/images/Rhea/LICENSE-diffuse	206	182
license	Rhea	images/Rhea/LICENSE-normal	https://gitlab.com/Dexter9313/prograde-data/-/raw/master/solarsystem/systems/Solar%20System/images/Rhea/LICENSE-normal	206	268
diffuse-map	Rhea	images/Rhea/diffuse.jpg	https://gitlab.com/Dexter9313/prograde-data/-/raw/master/solarsystem/systems/Solar%20System/images/Rhea/diffuse.jpg	206	6193914
normal-map	Rhea	images/Rhea/normal.png	https://gitlab.com/Dexter9313/prograde-data/-/raw/master/solarsystem/systems/Solar%20System/images/Rhea/normal.png	206	35242066
license	Saturn	images/Saturn/LICENSE-diffuse	https://gitlab.com/Dexter9313/prograde-data/-/raw/master/solarsystem/systems/Solar%20System/images/Saturn/LICENSE-diffuse	206	238
license	Saturn	images/Saturn/LICENSE-rings	https://gitlab.com/Dexter9313/prograde-data/-/raw/master/solarsystem/systems/Solar%20System/images/Saturn/LICENSE-rings	206	119
diffuse-map	Saturn	images/Saturn/diffuse.png	https://gitlab.com/Dexter9313/prograde-data/-/raw/master/solarsystem/systems/Solar%20System/images/Saturn/diffuse.png	206	1605108
ring-texture	Saturn	images/Saturn/rings.png	https://gitlab.com/Dexter9313/prograde-data/-/raw/master/solarsystem/systems/Solar%20System/images/Saturn/rings.png	206	47740
license	Tethys	images/Tethys/LICENSE-diffuse	https://gitlab.com/Dexter9313/prograde-data/-/raw/master/solarsystem/systems/Solar%20System/images/Tethys/LICENSE-diffuse	206	246
license	Tethys	images/Tethys/LICENSE-normal	https://gitlab.com/Dexter9313/prograde-data/-/raw/master/solarsystem/systems/Solar%20System/images/Tethys/LICENSE-normal	206	296
diffuse-map	Tethys	images/Tethys/diffuse.png	https://gitlab.com/Dexter9313/prograde-data/-/raw/master/solarsystem/systems/Solar%20System/images/Tethys/diffuse.png	206	33155882
normal-map	Tethys	images/Tethys/normal.png	https://gitlab.com/Dexter9313/prograde-data/-/raw/master/solarsystem/systems/Solar%20System/images/Tethys/normal.png	206	15917862
license	Titan	images/Titan/LICENSE-diffuse	https://gitlab.com/Dexter9313/prograde-data/-/raw/master/solarsystem/systems/Solar%20System/images/Titan/LICENSE-diffuse	206	127
diffuse-map	Titan	images/Titan/diffuse.jpg	https://gitlab.com/Dexter9313/prograde-data/-/raw/master/solarsystem/systems/Solar%20System/images/Titan/diffuse.jpg	206	35783
license	Titania	images/Titania/LICENSE-diffuse	https://gitlab.com/Dexter9313/prograde-data/-/raw/master/solarsystem/systems/Solar%20System/images/Titania/LICENSE-diffuse	206	284
license	Titania	images/Titania/LICENSE-normal	https://gitlab.com/Dexter9313/prograde-data/-/raw/master/solarsystem/systems/Solar%20System/images/Titania/LICENSE-normal	206	282
diffuse-map	Titania	images/Titania/diffuse.jpg	https://gitlab.com/Dexter9313/prograde-data/-/raw/master/solarsystem/systems/Solar%20System/images/Titania/diffuse.jpg	206	1851030
normal-map	Titania	images/Titania/normal.png	https://gitlab.com/Dexter9313/prograde-data/-/raw/master/solarsystem/systems/Solar%20System/images/Titania/normal.png	206	18493063
license	Triton	images/Triton/LICENSE-diffuse	https://gitlab.com/Dexter9313/prograde-data/-/raw/master/solarsystem/systems/Solar%20System/images/Triton/LICENSE-diffuse	206	91
license	Triton	images/Triton/LICENSE-normal	https://gitlab.com/Dexter9313/prograde-data/-/raw/master/solarsystem/systems/Solar%20System/images/Triton/LICENSE-normal	206	173
diffuse-map	Triton	images/Triton/diffuse.jpg	https://gitlab.com/Dexter9313/prograde-data/-/raw/master/solarsystem/systems/Solar%20System/images/Triton/diffuse.jpg	206	3826004
normal-map	Triton	images/Triton/normal.png	https://gitlab.com/Dexter9313/prograde-data/-/raw/master/solarsystem/systems/Solar%20System/images/Triton/normal.png	206	14659464
license	Umbriel	images/Umbriel/LICENSE-diffuse	https://gitlab.com/Dexter9313/prograde-data/-/raw/master/solarsystem/systems/Solar%20System/images/Umbriel/LICENSE-diffuse	206	284
license	Umbriel	images/Umbriel/LICENSE-normal	https://gitlab.com/Dexter9313/prograde-data/-/raw/master/solarsystem/systems/Solar%20System/images/Umbriel/LICENSE-normal	206	284
diffuse-map	Umbriel	images/Umbriel/diffuse.jpg	https://gitlab.com/Dexter9313/prograde-data/-/raw/master/solarsystem/systems/Solar%20System/images/Umbriel/diffuse.jpg	206	930718
normal-map	Umbriel	images/Umbriel/normal.png	https://gitlab.com/Dexter9313/prograde-data/-/raw/master/solarsystem/systems/Solar%20System/images/Umbriel/normal.png	206	11496244
license	Uranus	images/Uranus/LICENSE-diffuse	https://gitlab.com/Dexter9313/prograde-data/-/raw/master/solarsystem/systems/Solar%20System/images/Uranus/LICENSE-diffuse	206	101
license	Uranus	images/Uranus/LICENSE-rings	https://gitlab.com/Dexter9313/prograde-data/-/raw/master/solarsystem/systems/Solar%20System/images/Uranus/LICENSE-rings	206	231
diffuse-map	Uranus	images/Uranus/diffuse.png	https://gitlab.com/Dexter9313/prograde-data/-/raw/master/solarsystem/systems/Solar%20System/images/Uranus/diffuse.png	206	274222
ring-texture	Uranus	images/Uranus/rings.png	https://gitlab.com/Dexter9313/prograde-data/-/raw/master/solarsystem/systems/Solar%20System/images/Uranus/rings.png	206	7103
license	Venus	images/Venus/LICENSE-diffuse	https://gitlab.com/Dexter9313/prograde-data/-/raw/master/solarsystem/systems/Solar%20System/images/Venus/LICENSE-diffuse	206	134
diffuse-map	Venus	images/Venus/diffuse.png	https://gitlab.com/Dexter9313/prograde-data/-/raw/master/solarsystem/systems/Solar%20System/images/Venus/diffuse.png	206	2579442
license	Vesta	images/Vesta/LICENSE-diffuse	https://gitlab.com/Dexter9313/prograde-data/-/raw/master/solarsystem/systems/Solar%20System/images/Vesta/LICENSE-diffuse	206	113
license	Vesta	images/Vesta/LICENSE-normal	https://gitlab.com/Dexter9313/prograde-data/-/raw/master/solarsystem/systems/Solar%20System/images/Vesta/LICENSE-normal	206	247
diffuse-map	Vesta	images/Vesta/diffuse.png	https://gitlab.com/Dexter9313/prograde-data/-/raw/master/solarsystem/systems/Solar%20System/images/Vesta/diffuse.png	206	20532704
normal-map	Vesta	images/Vesta/normal.png	https://gitlab.com/Dexter9313/prograde-data/-/raw/master/solarsystem/systems/Solar%20System/images/Vesta/normal.png	206	25693652
model-source	Cassini	models/Cassini/Cassini_66.blend	https://gitlab.com/Dexter9313/prograde-data/-/raw/master/solarsystem/systems/Solar%20System/models/Cassini/Cassini_66.blend	206	3572784
license	Cassini	models/Cassini/LICENSE	https://gitlab.com/Dexter9313/prograde-data/-/raw/master/solarsystem/systems/Solar%20System/models/Cassini/LICENSE	206	208
texture	Cassini	models/Cassini/texture/dish_AO.png	https://gitlab.com/Dexter9313/prograde-data/-/raw/master/solarsystem/systems/Solar%20System/models/Cassini/texture/dish_AO.png	206	446279
texture	Cassini	models/Cassini/texture/foil_gold_ramp.png	https://gitlab.com/Dexter9313/prograde-data/-/raw/master/solarsystem/systems/Solar%20System/models/Cassini/texture/foil_gold_ramp.png	206	3627
texture	Cassini	models/Cassini/texture/foil_n.png	https://gitlab.com/Dexter9313/prograde-data/-/raw/master/solarsystem/systems/Solar%20System/models/Cassini/texture/foil_n.png	206	309641
texture	Cassini	models/Cassini/texture/foil_n_2.png	https://gitlab.com/Dexter9313/prograde-data/-/raw/master/solarsystem/systems/Solar%20System/models/Cassini/texture/foil_n_2.png	206	673460
texture	Cassini	models/Cassini/texture/tex_01_.png	https://gitlab.com/Dexter9313/prograde-data/-/raw/master/solarsystem/systems/Solar%20System/models/Cassini/texture/tex_01_.png	206	845646
model	Churyumov-Gerasimenko	models/Churyumov-Gerasimenko.ply	https://gitlab.com/Dexter9313/prograde-data/-/raw/master/solarsystem/systems/Solar%20System/models/Churyumov-Gerasimenko.ply	206	4864228
model	Dawn	models/Dawn/Dawn.mtl	https://gitlab.com/Dexter9313/prograde-data/-/raw/master/solarsystem/systems/Solar%20System/models/Dawn/Dawn.mtl	206	3514
model	Dawn	models/Dawn/Dawn.obj	https://gitlab.com/Dexter9313/prograde-data/-/raw/master/solarsystem/systems/Solar%20System/models/Dawn/Dawn.obj	206	2544333
license	Dawn	models/Dawn/LICENSE	https://gitlab.com/Dexter9313/prograde-data/-/raw/master/solarsystem/systems/Solar%20System/models/Dawn/LICENSE	206	205
texture	Dawn	models/Dawn/texture/Dawn_tex_01.png	https://gitlab.com/Dexter9313/prograde-data/-/raw/master/solarsystem/systems/Solar%20System/models/Dawn/texture/Dawn_tex_01.png	206	677554
texture	Dawn	models/Dawn/texture/foil_antenna.png	https://gitlab.com/Dexter9313/prograde-data/-/raw/master/solarsystem/systems/Solar%20System/models/Dawn/texture/foil_antenna.png	206	216841
texture	Dawn	models/Dawn/texture/foil_antenna_n.png	https://gitlab.com/Dexter9313/prograde-data/-/raw/master/solarsystem/systems/Solar%20System/models/Dawn/texture/foil_antenna_n.png	206	209522
texture	Dawn	models/Dawn/texture/foil_gold_ramp.png	https://gitlab.com/Dexter9313/prograde-data/-/raw/master/solarsystem/systems/Solar%20System/models/Dawn/texture/foil_gold_ramp.png	206	3627
texture	Dawn	models/Dawn/texture/foil_n.png	https://gitlab.com/Dexter9313/prograde-data/-/raw/master/solarsystem/systems/Solar%20System/models/Dawn/texture/foil_n.png	206	309641
texture	Dawn	models/Dawn/texture/foil_silver_ramp.png	https://gitlab.com/Dexter9313/prograde-data/-/raw/master/solarsystem/systems/Solar%20System/models/Dawn/texture/foil_silver_ramp.png	206	3466
model	Deimos	models/Deimos.ply	https://gitlab.com/Dexter9313/prograde-data/-/raw/master/solarsystem/systems/Solar%20System/models/Deimos.ply	206	95984
model	Dione	models/Dione.ply	https://gitlab.com/Dexter9313/prograde-data/-/raw/master/solarsystem/systems/Solar%20System/models/Dione.ply	206	3735779
texture	Hubble	models/Hubble/HUBSOLAR.JPG	https://gitlab.com/Dexter9313/prograde-data/-/raw/master/solarsystem/systems/Solar%20System/models/Hubble/HUBSOLAR.JPG	206	47702
model	Hubble	models/Hubble/Hubble.mtl	https://gitlab.com/Dexter9313/prograde-data/-/raw/master/solarsystem/systems/Solar%20System/models/Hubble/Hubble.mtl	206	3628
model	Hubble	models/Hubble/Hubble.obj	https://gitlab.com/Dexter9313/prograde-data/-/raw/master/solarsystem/systems/Solar%20System/models/Hubble/Hubble.obj	206	83232455
license	Hubble	models/Hubble/LICENSE	https://gitlab.com/Dexter9313/prograde-data/-/raw/master/solarsystem/systems/Solar%20System/models/Hubble/LICENSE	206	146
texture	Hubble	models/Hubble/SCBLACK.JPG	https://gitlab.com/Dexter9313/prograde-data/-/raw/master/solarsystem/systems/Solar%20System/models/Hubble/SCBLACK.JPG	206	12003
texture	Hubble	models/Hubble/SCDKGRA.JPG	https://gitlab.com/Dexter9313/prograde-data/-/raw/master/solarsystem/systems/Solar%20System/models/Hubble/SCDKGRA.JPG	206	13919
texture	Hubble	models/Hubble/SCLOGOS1.JPG	https://gitlab.com/Dexter9313/prograde-data/-/raw/master/solarsystem/systems/Solar%20System/models/Hubble/SCLOGOS1.JPG	206	45738
texture	Hubble	models/Hubble/SCLTGRA.JPG	https://gitlab.com/Dexter9313/prograde-data/-/raw/master/solarsystem/systems/Solar%20System/models/Hubble/SCLTGRA.JPG	206	25121
texture	Hubble	models/Hubble/SCLTGRAR.JPG	https://gitlab.com/Dexter9313/prograde-data/-/raw/master/solarsystem/systems/Solar%20System/models/Hubble/SCLTGRAR.JPG	206	22807
texture	Hubble	models/Hubble/SCORNGE.JPG	https://gitlab.com/Dexter9313/prograde-data/-/raw/master/solarsystem/systems/Solar%20System/models/Hubble/SCORNGE.JPG	206	97191
texture	Hubble	models/Hubble/SCPLATE.JPG	https://gitlab.com/Dexter9313/prograde-data/-/raw/master/solarsystem/systems/Solar%20System/models/Hubble/SCPLATE.JPG	206	53819
texture	Hubble	models/Hubble/SCPLATE2.JPG	https://gitlab.com/Dexter9313/prograde-data/-/raw/master/solarsystem/systems/Solar%20System/models/Hubble/SCPLATE2.JPG	206	57450
texture	Hubble	models/Hubble/SCPURP.JPG	https://gitlab.com/Dexter9313/prograde-data/-/raw/master/solarsystem/systems/Solar%20System/models/Hubble/SCPURP.JPG	206	19481
texture	Hubble	models/Hubble/SCTFOIL2.JPG	https://gitlab.com/Dexter9313/prograde-data/-/raw/master/solarsystem/systems/Solar%20System/models/Hubble/SCTFOIL2.JPG	206	145081
texture	Hubble	models/Hubble/SCYELL.JPG	https://gitlab.com/Dexter9313/prograde-data/-/raw/master/solarsystem/systems/Solar%20System/models/Hubble/SCYELL.JPG	206	96953
texture	Hubble	models/Hubble/scdkgrar.jpg	https://gitlab.com/Dexter9313/prograde-data/-/raw/master/solarsystem/systems/Solar%20System/models/Hubble/scdkgrar.jpg	206	12786
model	Hyperion	models/Hyperion.ply	https://gitlab.com/Dexter9313/prograde-data/-/raw/master/solarsystem/systems/Solar%20System/models/Hyperion.ply	206	556318
license	ISS	models/ISS/LICENSE	https://gitlab.com/Dexter9313/prograde-data/-/raw/master/solarsystem/systems/Solar%20System/models/ISS/LICENSE	206	243
bin	ISS	models/ISS/scene.bin	https://gitlab.com/Dexter9313/prograde-data/-/raw/master/solarsystem/systems/Solar%20System/models/ISS/scene.bin	206	3063556
model	ISS	models/ISS/scene.gltf	https://gitlab.com/Dexter9313/prograde-data/-/raw/master/solarsystem/systems/Solar%20System/models/ISS/scene.gltf	206	248611
texture	ISS	models/ISS/textures/19_-_Default_baseColor.png	https://gitlab.com/Dexter9313/prograde-data/-/raw/master/solarsystem/systems/Solar%20System/models/ISS/textures/19_-_Default_baseColor.png	206	1308
texture	ISS	models/ISS/textures/Default_baseColor.png	https://gitlab.com/Dexter9313/prograde-data/-/raw/master/solarsystem/systems/Solar%20System/models/ISS/textures/Default_baseColor.png	206	681
ring-texture	ISS	models/ISS/textures/d_ring_with_Tex_baseColor.png	https://gitlab.com/Dexter9313/prograde-data/-/raw/master/solarsystem/systems/Solar%20System/models/ISS/textures/d_ring_with_Tex_baseColor.png	206	10821
texture	ISS	models/ISS/textures/graple_with_Tex_baseColor.png	https://gitlab.com/Dexter9313/prograde-data/-/raw/master/solarsystem/systems/Solar%20System/models/ISS/textures/graple_with_Tex_baseColor.png	206	14830
texture	ISS	models/ISS/textures/iss_dc_with_Tex_baseColor.png	https://gitlab.com/Dexter9313/prograde-data/-/raw/master/solarsystem/systems/Solar%20System/models/ISS/textures/iss_dc_with_Tex_baseColor.png	206	6871
texture	ISS	models/ISS/textures/iss_dcs_with_Tex_baseColor.png	https://gitlab.com/Dexter9313/prograde-data/-/raw/master/solarsystem/systems/Solar%20System/models/ISS/textures/iss_dcs_with_Tex_baseColor.png	206	11989
texture	ISS	models/ISS/textures/iss_un_with_Tex_baseColor.png	https://gitlab.com/Dexter9313/prograde-data/-/raw/master/solarsystem/systems/Solar%20System/models/ISS/textures/iss_un_with_Tex_baseColor.png	206	8392
texture	ISS	models/ISS/textures/issb2_with_Tex_baseColor.png	https://gitlab.com/Dexter9313/prograde-data/-/raw/master/solarsystem/systems/Solar%20System/models/ISS/textures/issb2_with_Tex_baseColor.png	206	12572
texture	ISS	models/ISS/textures/issb3_with_Tex_baseColor.png	https://gitlab.com/Dexter9313/prograde-data/-/raw/master/solarsystem/systems/Solar%20System/models/ISS/textures/issb3_with_Tex_baseColor.png	206	8726
texture	ISS	models/ISS/textures/issb4_with_Tex_baseColor.png	https://gitlab.com/Dexter9313/prograde-data/-/raw/master/solarsystem/systems/Solar%20System/models/ISS/textures/issb4_with_Tex_baseColor.png	206	2296
texture	ISS	models/ISS/textures/issb_with_Tex_I_baseColor.png	https://gitlab.com/Dexter9313/prograde-data/-/raw/master/solarsystem/systems/Solar%20System/models/ISS/textures/issb_with_Tex_I_baseColor.png	206	30694
texture	ISS	models/ISS/textures/issbs_with_Tex_baseColor.png	https://gitlab.com/Dexter9313/prograde-data/-/raw/master/solarsystem/systems/Solar%20System/models/ISS/textures/issbs_with_Tex_baseColor.png	206	1226
texture	ISS	models/ISS/textures/issbso2_with_Tex_baseColor.png	https://gitlab.com/Dexter9313/prograde-data/-/raw/master/solarsystem/systems/Solar%20System/models/ISS/textures/issbso2_with_Tex_baseColor.png	206	14874
texture	ISS	models/ISS/textures/issbso_with_Tex_baseColor.png	https://gitlab.com/Dexter9313/prograde-data/-/raw/master/solarsystem/systems/Solar%20System/models/ISS/textures/issbso_with_Tex_baseColor.png	206	14476
texture	ISS	models/ISS/textures/isscov2_with_Tex_baseColor.png	https://gitlab.com/Dexter9313/prograde-data/-/raw/master/solarsystem/systems/Solar%20System/models/ISS/textures/isscov2_with_Tex_baseColor.png	206	16972
texture	ISS	models/ISS/textures/isscover_with_Te_baseColor.png	https://gitlab.com/Dexter9313/prograde-data/-/raw/master/solarsystem/systems/Solar%20System/models/ISS/textures/isscover_with_Te_baseColor.png	206	2070
texture	ISS	models/ISS/textures/isscup_with_Tex_baseColor.png	https://gitlab.com/Dexter9313/prograde-data/-/raw/master/solarsystem/systems/Solar%20System/models/ISS/textures/isscup_with_Tex_baseColor.png	206	1425
texture	ISS	models/ISS/textures/issdish_with_Tex_baseColor.png	https://gitlab.com/Dexter9313/prograde-data/-/raw/master/solarsystem/systems/Solar%20System/models/ISS/textures/issdish_with_Tex_baseColor.png	206	1367
texture	ISS	models/ISS/textures/issdot_with_Tex_baseColor.png	https://gitlab.com/Dexter9313/prograde-data/-/raw/master/solarsystem/systems/Solar%20System/models/ISS/textures/issdot_with_Tex_baseColor.png	206	652
texture	ISS	models/ISS/textures/issesa_with_Tex_baseColor.png	https://gitlab.com/Dexter9313/prograde-data/-/raw/master/solarsystem/systems/Solar%20System/models/ISS/textures/issesa_with_Tex_baseColor.png	206	1217
texture	ISS	models/ISS/textures/isshand_with_Tex_baseColor.png	https://gitlab.com/Dexter9313/prograde-data/-/raw/master/solarsystem/systems/Solar%20System/models/ISS/textures/isshand_with_Tex_baseColor.png	206	3430
texture	ISS	models/ISS/textures/issins_with_Tex_baseColor.png	https://gitlab.com/Dexter9313/prograde-data/-/raw/master/solarsystem/systems/Solar%20System/models/ISS/textures/issins_with_Tex_baseColor.png	206	11133
texture	ISS	models/ISS/textures/issku1_with_Tex_baseColor.png	https://gitlab.com/Dexter9313/prograde-data/-/raw/master/solarsystem/systems/Solar%20System/models/ISS/textures/issku1_with_Tex_baseColor.png	206	5959
texture	ISS	models/ISS/textures/issku2_with_Tex_baseColor.png	https://gitlab.com/Dexter9313/prograde-data/-/raw/master/solarsystem/systems/Solar%20System/models/ISS/textures/issku2_with_Tex_baseColor.png	206	5162
texture	ISS	models/ISS/textures/issku_with_Tex_baseColor.png	https://gitlab.com/Dexter9313/prograde-data/-/raw/master/solarsystem/systems/Solar%20System/models/ISS/textures/issku_with_Tex_baseColor.png	206	13339
texture	ISS	models/ISS/textures/issmb_with_Tex_baseColor.png	https://gitlab.com/Dexter9313/prograde-data/-/raw/master/solarsystem/systems/Solar%20System/models/ISS/textures/issmb_with_Tex_baseColor.png	206	8424
texture	ISS	models/ISS/textures/issmod_with_Tex_baseColor.png	https://gitlab.com/Dexter9313/prograde-data/-/raw/master/solarsystem/systems/Solar%20System/models/ISS/textures/issmod_with_Tex_baseColor.png	206	2036
texture	ISS	models/ISS/textures/issp2_with_Tex_baseColor.png	https://gitlab.com/Dexter9313/prograde-data/-/raw/master/solarsystem/systems/Solar%20System/models/ISS/textures/issp2_with_Tex_baseColor.png	206	1255
texture	ISS	models/ISS/textures/isspanel_with_Te_baseColor.png	https://gitlab.com/Dexter9313/prograde-data/-/raw/master/solarsystem/systems/Solar%20System/models/ISS/textures/isspanel_with_Te_baseColor.png	206	24318
texture	ISS	models/ISS/textures/issrad_with_Tex_baseColor.png	https://gitlab.com/Dexter9313/prograde-data/-/raw/master/solarsystem/systems/Solar%20System/models/ISS/textures/issrad_with_Tex_baseColor.png	206	4374
texture	ISS	models/ISS/textures/issred_with_Tex_baseColor.png	https://gitlab.com/Dexter9313/prograde-data/-/raw/master/solarsystem/systems/Solar%20System/models/ISS/textures/issred_with_Tex_baseColor.png	206	1255
texture	ISS	models/ISS/textures/isssolar_with_Te_baseColor.png	https://gitlab.com/Dexter9313/prograde-data/-/raw/master/solarsystem/systems/Solar%20System/models/ISS/textures/isssolar_with_Te_baseColor.png	206	10455
texture	ISS	models/ISS/textures/issusa_with_Tex_baseColor.png	https://gitlab.com/Dexter9313/prograde-data/-/raw/master/solarsystem/systems/Solar%20System/models/ISS/textures/issusa_with_Tex_baseColor.png	206	13339
texture	ISS	models/ISS/textures/issusaf_with_1_baseColor.png	https://gitlab.com/Dexter9313/prograde-data/-/raw/master/solarsystem/systems/Solar%20System/models/ISS/textures/issusaf_with_1_baseColor.png	206	7700
texture	ISS	models/ISS/textures/issusaf_with_Tex_baseColor.png	https://gitlab.com/Dexter9313/prograde-data/-/raw/master/solarsystem/systems/Solar%20System/models/ISS/textures/issusaf_with_Tex_baseColor.png	206	7700
texture	ISS	models/ISS/textures/isszmod_with_Tex_baseColor.png	https://gitlab.com/Dexter9313/prograde-data/-/raw/master/solarsystem/systems/Solar%20System/models/ISS/textures/isszmod_with_Tex_baseColor.png	206	20921
specular-map	ISS	models/ISS/textures/metalcon_with_Te_baseColor.png	https://gitlab.com/Dexter9313/prograde-data/-/raw/master/solarsystem/systems/Solar%20System/models/ISS/textures/metalcon_with_Te_baseColor.png	206	13304
texture	ISS	models/ISS/textures/nasda_with_Tex_baseColor.png	https://gitlab.com/Dexter9313/prograde-data/-/raw/master/solarsystem/systems/Solar%20System/models/ISS/textures/nasda_with_Tex_baseColor.png	206	1256
texture	ISS	models/ISS/textures/questcov_with_Te_baseColor.png	https://gitlab.com/Dexter9313/prograde-data/-/raw/master/solarsystem/systems/Solar%20System/models/ISS/textures/questcov_with_Te_baseColor.png	206	14449
model	Iapetus	models/Iapetus.ply	https://gitlab.com/Dexter9313/prograde-data/-/raw/master/solarsystem/systems/Solar%20System/models/Iapetus.ply	206	53720610
model	Juno	models/Juno.ply	https://gitlab.com/Dexter9313/prograde-data/-/raw/master/solarsystem/systems/Solar%20System/models/Juno.ply	206	34423
model	Juno	models/Juno/Juno.mtl	https://gitlab.com/Dexter9313/prograde-data/-/raw/master/solarsystem/systems/Solar%20System/models/Juno/Juno.mtl	206	1927
model	Juno	models/Juno/Juno.obj	https://gitlab.com/Dexter9313/prograde-data/-/raw/master/solarsystem/systems/Solar%20System/models/Juno/Juno.obj	206	1628088
texture	Juno	models/Juno/Juno_Texture.png	https://gitlab.com/Dexter9313/prograde-data/-/raw/master/solarsystem/systems/Solar%20System/models/Juno/Juno_Texture.png	206	1101576
texture	Juno	models/Juno/Juno_Texture_Solar.png	https://gitlab.com/Dexter9313/prograde-data/-/raw/master/solarsystem/systems/Solar%20System/models/Juno/Juno_Texture_Solar.png	206	4136876
texture	Juno	models/Juno/Juno_Texture_Solar2.png	https://gitlab.com/Dexter9313/prograde-data/-/raw/master/solarsystem/systems/Solar%20System/models/Juno/Juno_Texture_Solar2.png	206	1087770
license	Juno	models/Juno/LICENSE	https://gitlab.com/Dexter9313/prograde-data/-/raw/master/solarsystem/systems/Solar%20System/models/Juno/LICENSE	206	193
texture	Juno	models/Juno/black_krinkle.png	https://gitlab.com/Dexter9313/prograde-data/-/raw/master/solarsystem/systems/Solar%20System/models/Juno/black_krinkle.png	206	331229
texture	Juno	models/Juno/foil_antenna.png	https://gitlab.com/Dexter9313/prograde-data/-/raw/master/solarsystem/systems/Solar%20System/models/Juno/foil_antenna.png	206	140366
texture	Juno	models/Juno/foil_gold_2.png	https://gitlab.com/Dexter9313/prograde-data/-/raw/master/solarsystem/systems/Solar%20System/models/Juno/foil_gold_2.png	206	567981
texture	Juno	models/Juno/foil_silver.png	https://gitlab.com/Dexter9313/prograde-data/-/raw/master/solarsystem/systems/Solar%20System/models/Juno/foil_silver.png	206	461497
license	Kepler	models/Kepler/LICENSE	https://gitlab.com/Dexter9313/prograde-data/-/raw/master/solarsystem/systems/Solar%20System/models/Kepler/LICENSE	206	207
model-source	Kepler	models/Kepler/kepler_v009.blend	https://gitlab.com/Dexter9313/prograde-data/-/raw/master/solarsystem/systems/Solar%20System/models/Kepler/kepler_v009.blend	206	2235352
texture	Kepler	models/Kepler/texture/Kepler_texture.png	https://gitlab.com/Dexter9313/prograde-data/-/raw/master/solarsystem/systems/Solar%20System/models/Kepler/texture/Kepler_texture.png	206	1303724
texture	Kepler	models/Kepler/texture/dish_AO.png	https://gitlab.com/Dexter9313/prograde-data/-/raw/master/solarsystem/systems/Solar%20System/models/Kepler/texture/dish_AO.png	206	91326
texture	Kepler	models/Kepler/texture/foil_gold_ramp.png	https://gitlab.com/Dexter9313/prograde-data/-/raw/master/solarsystem/systems/Solar%20System/models/Kepler/texture/foil_gold_ramp.png	206	3627
texture	Kepler	models/Kepler/texture/foil_n.png	https://gitlab.com/Dexter9313/prograde-data/-/raw/master/solarsystem/systems/Solar%20System/models/Kepler/texture/foil_n.png	206	309641
texture	Kepler	models/Kepler/texture/foil_silver_ramp.png	https://gitlab.com/Dexter9313/prograde-data/-/raw/master/solarsystem/systems/Solar%20System/models/Kepler/texture/foil_silver_ramp.png	206	3466
texture	Kepler	models/Kepler/texture/r_AO.png	https://gitlab.com/Dexter9313/prograde-data/-/raw/master/solarsystem/systems/Solar%20System/models/Kepler/texture/r_AO.png	206	199037
ring-texture	Kepler	models/Kepler/texture/ring_AO.png	https://gitlab.com/Dexter9313/prograde-data/-/raw/master/solarsystem/systems/Solar%20System/models/Kepler/texture/ring_AO.png	206	4188
ring-texture	Kepler	models/Kepler/texture/ring_AO_2.png	https://gitlab.com/Dexter9313/prograde-data/-/raw/master/solarsystem/systems/Solar%20System/models/Kepler/texture/ring_AO_2.png	206	842
license	LICENSE	models/LICENSE	https://gitlab.com/Dexter9313/prograde-data/-/raw/master/solarsystem/systems/Solar%20System/models/LICENSE	206	123
license	MAVEN	models/MAVEN/LICENSE	https://gitlab.com/Dexter9313/prograde-data/-/raw/master/solarsystem/systems/Solar%20System/models/MAVEN/LICENSE	206	184
model-source	MAVEN	models/MAVEN/Maven.blend	https://gitlab.com/Dexter9313/prograde-data/-/raw/master/solarsystem/systems/Solar%20System/models/MAVEN/Maven.blend	206	5572484
texture	MAVEN	models/MAVEN/texture/AO_dish_frame.png	https://gitlab.com/Dexter9313/prograde-data/-/raw/master/solarsystem/systems/Solar%20System/models/MAVEN/texture/AO_dish_frame.png	206	4202201
texture	MAVEN	models/MAVEN/texture/AO_parts_01.png	https://gitlab.com/Dexter9313/prograde-data/-/raw/master/solarsystem/systems/Solar%20System/models/MAVEN/texture/AO_parts_01.png	206	630993
texture	MAVEN	models/MAVEN/texture/AO_parts_02.png	https://gitlab.com/Dexter9313/prograde-data/-/raw/master/solarsystem/systems/Solar%20System/models/MAVEN/texture/AO_parts_02.png	206	654310
texture	MAVEN	models/MAVEN/texture/AO_parts_03.png	https://gitlab.com/Dexter9313/prograde-data/-/raw/master/solarsystem/systems/Solar%20System/models/MAVEN/texture/AO_parts_03.png	206	262913
texture	MAVEN	models/MAVEN/texture/AO_parts_04.png	https://gitlab.com/Dexter9313/prograde-data/-/raw/master/solarsystem/systems/Solar%20System/models/MAVEN/texture/AO_parts_04.png	206	4202201
texture	MAVEN	models/MAVEN/texture/AO_parts_05.png	https://gitlab.com/Dexter9313/prograde-data/-/raw/master/solarsystem/systems/Solar%20System/models/MAVEN/texture/AO_parts_05.png	206	174939
texture	MAVEN	models/MAVEN/texture/foil_gold_ramp.png	https://gitlab.com/Dexter9313/prograde-data/-/raw/master/solarsystem/systems/Solar%20System/models/MAVEN/texture/foil_gold_ramp.png	206	3627
texture	MAVEN	models/MAVEN/texture/foil_n.png	https://gitlab.com/Dexter9313/prograde-data/-/raw/master/solarsystem/systems/Solar%20System/models/MAVEN/texture/foil_n.png	206	309641
texture	MAVEN	models/MAVEN/texture/foil_n_2.png	https://gitlab.com/Dexter9313/prograde-data/-/raw/master/solarsystem/systems/Solar%20System/models/MAVEN/texture/foil_n_2.png	206	209522
texture	MAVEN	models/MAVEN/texture/foil_silver_ramp.png	https://gitlab.com/Dexter9313/prograde-data/-/raw/master/solarsystem/systems/Solar%20System/models/MAVEN/texture/foil_silver_ramp.png	206	3466
texture	MAVEN	models/MAVEN/texture/stardust_01.png	https://gitlab.com/Dexter9313/prograde-data/-/raw/master/solarsystem/systems/Solar%20System/models/MAVEN/texture/stardust_01.png	206	996390
texture	MAVEN	models/MAVEN/texture/tex_01.png	https://gitlab.com/Dexter9313/prograde-data/-/raw/master/solarsystem/systems/Solar%20System/models/MAVEN/texture/tex_01.png	206	1012369
license	MESSENGER	models/MESSENGER/LICENSE	https://gitlab.com/Dexter9313/prograde-data/-/raw/master/solarsystem/systems/Solar%20System/models/MESSENGER/LICENSE	206	198
model	MESSENGER	models/MESSENGER/MESSENGER.mtl	https://gitlab.com/Dexter9313/prograde-data/-/raw/master/solarsystem/systems/Solar%20System/models/MESSENGER/MESSENGER.mtl	206	2738
model	MESSENGER	models/MESSENGER/MESSENGER.obj	https://gitlab.com/Dexter9313/prograde-data/-/raw/master/solarsystem/systems/Solar%20System/models/MESSENGER/MESSENGER.obj	206	969815
texture	MESSENGER	models/MESSENGER/texture/AO_heatshield.png	https://gitlab.com/Dexter9313/prograde-data/-/raw/master/solarsystem/systems/Solar%20System/models/MESSENGER/texture/AO_heatshield.png	206	491709
texture	MESSENGER	models/MESSENGER/texture/AO_other1.png	https://gitlab.com/Dexter9313/prograde-data/-/raw/master/solarsystem/systems/Solar%20System/models/MESSENGER/texture/AO_other1.png	206	349252
texture	MESSENGER	models/MESSENGER/texture/AO_other2.png	https://gitlab.com/Dexter9313/prograde-data/-/raw/master/solarsystem/systems/Solar%20System/models/MESSENGER/texture/AO_other2.png	206	280310
texture	MESSENGER	models/MESSENGER/texture/AO_other_b.png	https://gitlab.com/Dexter9313/prograde-data/-/raw/master/solarsystem/systems/Solar%20System/models/MESSENGER/texture/AO_other_b.png	206	368552
texture	MESSENGER	models/MESSENGER/texture/Messenger_tex.png	https://gitlab.com/Dexter9313/prograde-data/-/raw/master/solarsystem/systems/Solar%20System/models/MESSENGER/texture/Messenger_tex.png	206	810404
texture	MESSENGER	models/MESSENGER/texture/Messenger_tex_02.png	https://gitlab.com/Dexter9313/prograde-data/-/raw/master/solarsystem/systems/Solar%20System/models/MESSENGER/texture/Messenger_tex_02.png	206	506430
texture	MESSENGER	models/MESSENGER/texture/Tex_black.png	https://gitlab.com/Dexter9313/prograde-data/-/raw/master/solarsystem/systems/Solar%20System/models/MESSENGER/texture/Tex_black.png	206	760
texture	MESSENGER	models/MESSENGER/texture/Tex_dark_grey.png	https://gitlab.com/Dexter9313/prograde-data/-/raw/master/solarsystem/systems/Solar%20System/models/MESSENGER/texture/Tex_dark_grey.png	206	759
texture	MESSENGER	models/MESSENGER/texture/foil_gold_ramp.png	https://gitlab.com/Dexter9313/prograde-data/-/raw/master/solarsystem/systems/Solar%20System/models/MESSENGER/texture/foil_gold_ramp.png	206	3627
texture	MESSENGER	models/MESSENGER/texture/foil_n.png	https://gitlab.com/Dexter9313/prograde-data/-/raw/master/solarsystem/systems/Solar%20System/models/MESSENGER/texture/foil_n.png	206	309641
texture	MESSENGER	models/MESSENGER/texture/foil_silver_ramp.png	https://gitlab.com/Dexter9313/prograde-data/-/raw/master/solarsystem/systems/Solar%20System/models/MESSENGER/texture/foil_silver_ramp.png	206	3466
model	Mimas	models/Mimas.ply	https://gitlab.com/Dexter9313/prograde-data/-/raw/master/solarsystem/systems/Solar%20System/models/Mimas.ply	206	3735779
model	New Horizons	models/New Horizons/NewHorizons.mtl	https://gitlab.com/Dexter9313/prograde-data/-/raw/master/solarsystem/systems/Solar%20System/models/New%20Horizons/NewHorizons.mtl	206	1128
model	New Horizons	models/New Horizons/NewHorizons.obj	https://gitlab.com/Dexter9313/prograde-data/-/raw/master/solarsystem/systems/Solar%20System/models/New%20Horizons/NewHorizons.obj	206	852107
model	Pallas	models/Pallas.ply	https://gitlab.com/Dexter9313/prograde-data/-/raw/master/solarsystem/systems/Solar%20System/models/Pallas.ply	206	15422
license	Parker Solar Probe	models/Parker Solar Probe/LICENSE	https://gitlab.com/Dexter9313/prograde-data/-/raw/master/solarsystem/systems/Solar%20System/models/Parker%20Solar%20Probe/LICENSE	206	162
model-source	Parker Solar Probe	models/Parker Solar Probe/ParkerSolarProbe.blend	https://gitlab.com/Dexter9313/prograde-data/-/raw/master/solarsystem/systems/Solar%20System/models/Parker%20Solar%20Probe/ParkerSolarProbe.blend	206	4035324
texture	Parker Solar Probe	models/Parker Solar Probe/textures/PSP_Diff.png	https://gitlab.com/Dexter9313/prograde-data/-/raw/master/solarsystem/systems/Solar%20System/models/Parker%20Solar%20Probe/textures/PSP_Diff.png	206	1493872
normal-map	Parker Solar Probe	models/Parker Solar Probe/textures/PSP_Norm.png	https://gitlab.com/Dexter9313/prograde-data/-/raw/master/solarsystem/systems/Solar%20System/models/Parker%20Solar%20Probe/textures/PSP_Norm.png	206	228488
texture	Parker Solar Probe	models/Parker Solar Probe/textures/PSP_Power.png	https://gitlab.com/Dexter9313/prograde-data/-/raw/master/solarsystem/systems/Solar%20System/models/Parker%20Solar%20Probe/textures/PSP_Power.png	206	137753
specular-map	Parker Solar Probe	models/Parker Solar Probe/textures/PSP_Spec.png	https://gitlab.com/Dexter9313/prograde-data/-/raw/master/solarsystem/systems/Solar%20System/models/Parker%20Solar%20Probe/textures/PSP_Spec.png	206	169075
texture	Parker Solar Probe	models/Parker Solar Probe/textures/foil_n.png	https://gitlab.com/Dexter9313/prograde-data/-/raw/master/solarsystem/systems/Solar%20System/models/Parker%20Solar%20Probe/textures/foil_n.png	206	309641
texture	Parker Solar Probe	models/Parker Solar Probe/textures/foil_n_2.png	https://gitlab.com/Dexter9313/prograde-data/-/raw/master/solarsystem/systems/Solar%20System/models/Parker%20Solar%20Probe/textures/foil_n_2.png	206	209522
texture	Parker Solar Probe	models/Parker Solar Probe/textures/foil_silver_ramp.png	https://gitlab.com/Dexter9313/prograde-data/-/raw/master/solarsystem/systems/Solar%20System/models/Parker%20Solar%20Probe/textures/foil_silver_ramp.png	206	3466
normal-map	Parker Solar Probe	models/Parker Solar Probe/textures/psp_solar_normals.png	https://gitlab.com/Dexter9313/prograde-data/-/raw/master/solarsystem/systems/Solar%20System/models/Parker%20Solar%20Probe/textures/psp_solar_normals.png	206	51340
model	Phobos	models/Phobos.ply	https://gitlab.com/Dexter9313/prograde-data/-/raw/master/solarsystem/systems/Solar%20System/models/Phobos.ply	206	3735779
model	Rhea	models/Rhea.ply	https://gitlab.com/Dexter9313/prograde-data/-/raw/master/solarsystem/systems/Solar%20System/models/Rhea.ply	206	3800228
license	Rosetta	models/Rosetta/LICENSE	https://gitlab.com/Dexter9313/prograde-data/-/raw/master/solarsystem/systems/Solar%20System/models/Rosetta/LICENSE	206	196
model	Rosetta	models/Rosetta/Rosetta.mtl	https://gitlab.com/Dexter9313/prograde-data/-/raw/master/solarsystem/systems/Solar%20System/models/Rosetta/Rosetta.mtl	206	3613
model	Rosetta	models/Rosetta/Rosetta.obj	https://gitlab.com/Dexter9313/prograde-data/-/raw/master/solarsystem/systems/Solar%20System/models/Rosetta/Rosetta.obj	206	1725829
texture	Rosetta	models/Rosetta/texture/dish_AO.png	https://gitlab.com/Dexter9313/prograde-data/-/raw/master/solarsystem/systems/Solar%20System/models/Rosetta/texture/dish_AO.png	206	355181
texture	Rosetta	models/Rosetta/texture/foil_gold_ramp.png	https://gitlab.com/Dexter9313/prograde-data/-/raw/master/solarsystem/systems/Solar%20System/models/Rosetta/texture/foil_gold_ramp.png	206	3627
texture	Rosetta	models/Rosetta/texture/foil_n.png	https://gitlab.com/Dexter9313/prograde-data/-/raw/master/solarsystem/systems/Solar%20System/models/Rosetta/texture/foil_n.png	206	309641
texture	Rosetta	models/Rosetta/texture/foil_silver_ramp.png	https://gitlab.com/Dexter9313/prograde-data/-/raw/master/solarsystem/systems/Solar%20System/models/Rosetta/texture/foil_silver_ramp.png	206	3466
texture	Rosetta	models/Rosetta/texture/parts2_AO.png	https://gitlab.com/Dexter9313/prograde-data/-/raw/master/solarsystem/systems/Solar%20System/models/Rosetta/texture/parts2_AO.png	206	629251
texture	Rosetta	models/Rosetta/texture/parts3_AO.png	https://gitlab.com/Dexter9313/prograde-data/-/raw/master/solarsystem/systems/Solar%20System/models/Rosetta/texture/parts3_AO.png	206	733995
texture	Rosetta	models/Rosetta/texture/parts_AO.png	https://gitlab.com/Dexter9313/prograde-data/-/raw/master/solarsystem/systems/Solar%20System/models/Rosetta/texture/parts_AO.png	206	511841
texture	Rosetta	models/Rosetta/texture/tex_01.png	https://gitlab.com/Dexter9313/prograde-data/-/raw/master/solarsystem/systems/Solar%20System/models/Rosetta/texture/tex_01.png	206	569493
model	Tethys	models/Tethys.ply	https://gitlab.com/Dexter9313/prograde-data/-/raw/master/solarsystem/systems/Solar%20System/models/Tethys.ply	206	3735779
model	Vesta	models/Vesta.ply	https://gitlab.com/Dexter9313/prograde-data/-/raw/master/solarsystem/systems/Solar%20System/models/Vesta.ply	206	4864228
license	Voyager	models/Voyager/LICENSE	https://gitlab.com/Dexter9313/prograde-data/-/raw/master/solarsystem/systems/Solar%20System/models/Voyager/LICENSE	206	246
model-source	Voyager	models/Voyager/Voyager_17.blend	https://gitlab.com/Dexter9313/prograde-data/-/raw/master/solarsystem/systems/Solar%20System/models/Voyager/Voyager_17.blend	206	2557488
texture	Voyager	models/Voyager/texture/Voyager_tex_01.png	https://gitlab.com/Dexter9313/prograde-data/-/raw/master/solarsystem/systems/Solar%20System/models/Voyager/texture/Voyager_tex_01.png	206	1012087
texture	Voyager	models/Voyager/texture/tex_02_AO.png	https://gitlab.com/Dexter9313/prograde-data/-/raw/master/solarsystem/systems/Solar%20System/models/Voyager/texture/tex_02_AO.png	206	392021
