path	bytes	sha256	url
models/shapes/67P/cg_mspcd_shap2_001m_cart.obj	49412414	0ab476af0552bf9a58429c209094e01934edd39f33e48f2cf0c6922a5bb5e0c8	https://sbn.psi.edu/pds/shape-models/files/67P/cg_mspcd_shap2_001m_cart.obj
models/shapes/RADAR/1620geographos.tab.obj	1179456	ba795310674ad3e35059a09d68b1d02bdbb97293533b16f5b08ca30376519b73	https://sbn.psi.edu/pds/shape-models/files/RADAR/1620geographos.tab.obj
models/shapes/RADAR/1998ky26.tab.obj	294720	b6a0148731a4ab1b00cc763ca8dedd9e8115e3e6e5bb01aa67098ee35f5efe29	https://sbn.psi.edu/pds/shape-models/files/RADAR/1998ky26.tab.obj
models/shapes/RADAR/2063bacchus.tab.obj	294720	fe81da8da890cb8abac3fc4bcf58b51443d6315a7ce60e5634ab77f4a33c07f6	https://sbn.psi.edu/pds/shape-models/files/RADAR/2063bacchus.tab.obj
models/shapes/RADAR/4179toutatis.tab.obj	921408	5bb9401c5bf587910cf598d49eb1d09b7bb5f0540f7cc7b7ec48f331a2b4c584	https://sbn.psi.edu/pds/shape-models/files/RADAR/4179toutatis.tab.obj
models/shapes/RADAR/4769castalia.tab.obj	294720	92c9b9a2649a78c953db23762bce36c5f21f7b439606351c6e3e6d99340ba960	https://sbn.psi.edu/pds/shape-models/files/RADAR/4769castalia.tab.obj
models/shapes/RADAR/52760.tab.obj	1175136	480bb22ad8711217d34333d8bb06aa17ac6f1a6b6054d0ddec1aab65b1ebacc7	https://sbn.psi.edu/pds/shape-models/files/RADAR/52760.tab.obj
models/shapes/RADAR/6489golevka.tab.obj	294720	4f1f212c903c9572b3b150ad1a6e9c6705596f58dc0e610910e5534a539a3ef9	https://sbn.psi.edu/pds/shape-models/files/RADAR/6489golevka.tab.obj
models/shapes/SATURN_SMALL_MOONS/atlas_30k_plt.tab.obj	1127404	36b539137cf4a2ef6cb22f5e6f7c4f96df948a59cdb25ef12a99b3e94cd343b0	https://sbn.psi.edu/pds/shape-models/files/SATURN_SMALL_MOONS/atlas_30k_plt.tab.obj
models/shapes/SATURN_SMALL_MOONS/calypso_30k_plt.tab.obj	1184427	5d5b324ebb90e1bdec7bf4cd823bffe97b8ee12d100e77d1cd4573b493e57d02	https://sbn.psi.edu/pds/shape-models/files/SATURN_SMALL_MOONS/calypso_30k_plt.tab.obj
models/shapes/SATURN_SMALL_MOONS/daphnis_30k_plt.tab.obj	1124670	fbfa44337a1da94b6f8ad9ee3ac55e4e3bd7b1a4c478403e65b01b140be93e92	https://sbn.psi.edu/pds/shape-models/files/SATURN_SMALL_MOONS/daphnis_30k_plt.tab.obj
models/shapes/SATURN_SMALL_MOONS/epimetheus_30k_plt.tab.obj	1164353	85885fa2e250ebfb7b88874f37682607e74203306e80ef8b43432c00649b1fe8	https://sbn.psi.edu/pds/shape-models/files/SATURN_SMALL_MOONS/epimetheus_30k_plt.tab.obj
models/shapes/SATURN_SMALL_MOONS/helene_30k_plt.tab.obj	1127434	f78148b16bbce4bc454849d4bfee813a7224eae4158d8c59f87783c61f0966bd	https://sbn.psi.edu/pds/shape-models/files/SATURN_SMALL_MOONS/helene_30k_plt.tab.obj
models/shapes/SATURN_SMALL_MOONS/hyperion_30k_plt.tab.obj	1228388	7b1bb010f9f7952e2647923a30bfed813850bf8e72e235a80ac4008a23e0c8fc	https://sbn.psi.edu/pds/shape-models/files/SATURN_SMALL_MOONS/hyperion_30k_plt.tab.obj
models/shapes/SATURN_SMALL_MOONS/janus_30k_plt.tab.obj	1117064	a177317f060e4fee64497e0a876423e0acce3a2d9ad75b7df49419669a341eaf	https://sbn.psi.edu/pds/shape-models/files/SATURN_SMALL_MOONS/janus_30k_plt.tab.obj
models/shapes/SATURN_SMALL_MOONS/pan_30k_plt.tab.obj	1148494	1e1560b684ce96726cc4b2ed5c14d45512347e88041f946495455259f14f72fc	https://sbn.psi.edu/pds/shape-models/files/SATURN_SMALL_MOONS/pan_30k_plt.tab.obj
models/shapes/SATURN_SMALL_MOONS/pandora_30k_plt.tab.obj	1133446	5f0c8a9cd8480d13e5990b7d94cd9c4f981065fe61be04cac962ffd3e291edb6	https://sbn.psi.edu/pds/shape-models/files/SATURN_SMALL_MOONS/pandora_30k_plt.tab.obj
models/shapes/SATURN_SMALL_MOONS/prometheus_30k_plt.tab.obj	1188210	44c053c3c517520654c2fb6f8219140377b70024a545e6ac290fa976abb5cf3b	https://sbn.psi.edu/pds/shape-models/files/SATURN_SMALL_MOONS/prometheus_30k_plt.tab.obj
models/shapes/SATURN_SMALL_MOONS/telesto_30k_plt.tab.obj	1154776	3b43602b2a319b083ad2cb732e7cd4f9e0d8202c5fdcf6288c3198d9a5418ee9	https://sbn.psi.edu/pds/shape-models/files/SATURN_SMALL_MOONS/telesto_30k_plt.tab.obj
models/shapes/a153591/a153591alpha.tab.obj	144480	887f25fdfb961dd2a4baf8848bfae9aad19192976db3c1df3da7465123e021f2	https://sbn.psi.edu/pds/shape-models/files/a153591/a153591alpha.tab.obj
models/shapes/a8567/a8567.tab.obj	175224	52827820d0e484a3590a6924a7dd6755674a5f49010b8a26cfb80add31d7dcf9	https://sbn.psi.edu/pds/shape-models/files/a8567/a8567.tab.obj
models/shapes/bennu/orex/bennu.orex.obj	14868960	1dc0030bf9906a411a325b80ab1b45bd410b728461591d64de54364190083863	https://sbn.psi.edu/pds/shape-models/files/bennu/orex/bennu.orex.obj
models/shapes/bennu/radar/101955bennu.tab.obj	165640	d882ff65da7900e95b506f701a635dfcf82344bb132a1558f8b30d0242bfbff8	https://sbn.psi.edu/pds/shape-models/files/bennu/radar/101955bennu.tab.obj
models/shapes/ceres/CERES_SPC181019_0128.ICQ.obj	7418950	a556aea90d6d9876db02423618f00491a3e9b25e5a6a47c20bcf2b4e638c388d	https://sbn.psi.edu/pds/shape-models/files/ceres/CERES_SPC181019_0128.ICQ.obj
models/shapes/ceres/ceres_512_p.obj	126936028	2c098bb6cd0f7ec923db083c9f2b74012ea2a6d07a457bd514a4393e46f77325	https://sbn.psi.edu/pds/shape-models/files/ceres/ceres_512_p.obj
models/shapes/dione/dione_ver64q.tab.obj	1752471	c323c2063859f75131d986e85aa9603cd808e8e8ce4c4d1e6c39e834ed80cee6	https://sbn.psi.edu/pds/shape-models/files/dione/dione_ver64q.tab.obj
models/shapes/dsk/ATLAS_K30_THO_V01.BDS	1559552	ce8c580f3f408be97d90fb42295a6e0b2f6a8535ada1881a90f23ca0260a6a69	https://sbn.psi.edu/pds/shape-models/files/dsk/ATLAS_K30_THO_V01.BDS
models/shapes/dsk/BENNU_K3_NOL_V01.BDS	244736	6d1d0964ef41858784f3e517844b0c0c98c436303e0a26c28d76d138eeefa008	https://sbn.psi.edu/pds/shape-models/files/dsk/BENNU_K3_NOL_V01.BDS
models/shapes/dsk/CALYPSO_K30_THO_V01.BDS	1759232	a6a11f0d1b4454273f11351f6684253d9d9a66b53da4f1bbf3e3722bd2bd5b4d	https://sbn.psi.edu/pds/shape-models/files/dsk/CALYPSO_K30_THO_V01.BDS
models/shapes/dsk/DIONE_K50_GAS_V01.BDS	2835456	68ff47bc5395778e1e6fc2af05f3f91df98ce8846f8b71d61cc0c31dc4923c2f	https://sbn.psi.edu/pds/shape-models/files/dsk/DIONE_K50_GAS_V01.BDS
models/shapes/dsk/EPIMETHEUS_K30_THO_V01.BDS	1783808	46d3bb13cd5b31cfc30161bedf5ac4062d8694647b6b461042d9606adee8ad41	https://sbn.psi.edu/pds/shape-models/files/dsk/EPIMETHEUS_K30_THO_V01.BDS
models/shapes/dsk/EROS_M3_GAS_V01.BDS	111890432	b749a8a7398215fdac84d38d089e369f57cf14b55c7171e7e86f7c2b24e62f1c	https://sbn.psi.edu/pds/shape-models/files/dsk/EROS_M3_GAS_V01.BDS
models/shapes/dsk/HELENE_K30_THO_V01.BDS	1757184	eb8a64f6ef85d3d032c40eca7ea76756a62042baf827b9b1cabeadad9f6a3087	https://sbn.psi.edu/pds/shape-models/files/dsk/HELENE_K30_THO_V01.BDS
models/shapes/dsk/HYPERION_K30_THO_V01.BDS	1838080	f992c18513717f951227c391d99a9c7e83fc54f0fd4cc6e25c4be8a3b82c275c	https://sbn.psi.edu/pds/shape-models/files/dsk/HYPERION_K30_THO_V01.BDS
models/shapes/dsk/ITOKAWA_K12_NEE_V01.BDS	675840	9f0f9de8cf125df0d9694426199aef7c6bd168346538edb2fe1d209e9922dddc	https://sbn.psi.edu/pds/shape-models/files/dsk/ITOKAWA_K12_NEE_V01.BDS
models/shapes/dsk/ITOKAWA_K50_GAS_V01.BDS	2692096	08255ca8be8d0d982afc011fab5de3e355424814847580d7c97ad255dfbd5870	https://sbn.psi.edu/pds/shape-models/files/dsk/ITOKAWA_K50_GAS_V01.BDS
models/shapes/dsk/JANUS_K30_THO_V01.BDS	1752064	524828eb1492a027aafdaca8d8cc52c22c290dd785bb67b2f6fe3a5d0ea14fd3	https://sbn.psi.edu/pds/shape-models/files/dsk/JANUS_K30_THO_V01.BDS
models/shapes/dsk/LUTETIA_K3_FAR_V01.BDS	254976	c3d9a015324411993e350aa56a1b27c4e75e23f0f6eed2899b3942d2937eb8af	https://sbn.psi.edu/pds/shape-models/files/dsk/LUTETIA_K3_FAR_V01.BDS
models/shapes/dsk/MIMAS_M3_GAS_V01.BDS	112461824	d10f691bb584a77ed80f9fdcdf40447658e650629eb3170f86335ae7fe518b12	https://sbn.psi.edu/pds/shape-models/files/dsk/MIMAS_M3_GAS_V01.BDS
models/shapes/dsk/PANDORA_K30_THO_V01.BDS	1691648	4cbc45d915f57ad12fa0d7ab02d0a32af061e937da29b72b13a2d6ac254a3349	https://sbn.psi.edu/pds/shape-models/files/dsk/PANDORA_K30_THO_V01.BDS
models/shapes/dsk/PAN_K30_THO_V01.BDS	1726464	3146e2de4bb9209c54e3950a8f9445612bd798a1fce515207d5955be402fcf6d	https://sbn.psi.edu/pds/shape-models/files/dsk/PAN_K30_THO_V01.BDS
models/shapes/dsk/PHOBOS_M3_GAS_V01.BDS	111464448	fbf67ecd969a463f336f15c5ff939b57fb9079c2c128665d80be75a870e53ab9	https://sbn.psi.edu/pds/shape-models/files/dsk/PHOBOS_M3_GAS_V01.BDS
models/shapes/dsk/PHOEBE_M3_GAS_V01.BDS	111564800	67bc15c18c4bf99200485a4795db6ec0bca511040f7620986ff78a373036f023	https://sbn.psi.edu/pds/shape-models/files/dsk/PHOEBE_M3_GAS_V01.BDS
models/shapes/dsk/TELESTO_K30_THO_V01.BDS	1841152	50f9e6e9a08e8ed5b7defaf1880a11977b037d511cc14c14667b42b0989cc12e	https://sbn.psi.edu/pds/shape-models/files/dsk/TELESTO_K30_THO_V01.BDS
models/shapes/dsk/TETHYS_M3_GAS_V01.BDS	112176128	6c250e169bb513dd1f33fb6c74bb30cbad77caec3524f3588dc13b789b558c4d	https://sbn.psi.edu/pds/shape-models/files/dsk/TETHYS_M3_GAS_V01.BDS
models/shapes/eros/ver64q.tab.obj	1622603	20198c630915d1142d8fa52778f485a55a32cfa5f8fd5339c868ec41149bd1cc	https://sbn.psi.edu/pds/shape-models/files/eros/ver64q.tab.obj
models/shapes/hartley2/hartley2_2012_cart.obj	1062351	7d04bbfc2f8aced784ab04ed32a4aa1d6f2f5c704cc09be2678ba6733c2cd256	https://sbn.psi.edu/pds/shape-models/files/hartley2/hartley2_2012_cart.obj
models/shapes/itokawa/ver64q.tab.obj	1614487	78693ab94160e93fc17110db8a97df6e0a6de854d33a12577d99035bef29a7f5	https://sbn.psi.edu/pds/shape-models/files/itokawa/ver64q.tab.obj
models/shapes/lutetia/lutetia_003k_cart.obj	92426	1a85a2a6f9f5dd259705f617636622ec04fb5f86dfe22cd0e53ba88f48d2a1e4	https://sbn.psi.edu/pds/shape-models/files/lutetia/lutetia_003k_cart.obj
models/shapes/mimas/mimas_ver512q.tab.obj	125463806	54914755c12e6ec69c6cea396af3e2e14336933ed4ec39d02dff0c519501fcea	https://sbn.psi.edu/pds/shape-models/files/mimas/mimas_ver512q.tab.obj
models/shapes/phobos/phobos_ver512q.tab.obj	118894862	fef85a97e598012204f8e66b47f9359ccd8a6dda6914e2670e03dc01b7f0cdfa	https://sbn.psi.edu/pds/shape-models/files/phobos/phobos_ver512q.tab.obj
models/shapes/phoebe/phoebe_ver512q.tab.obj	123186882	bc6d73a1ca5d53352eb26221070d6cb28c1e3b22ad497c07fa460e0df6b93412	https://sbn.psi.edu/pds/shape-models/files/phoebe/phoebe_ver512q.tab.obj
models/shapes/steins/steins.obj	1627784	6cfb5122937621b803d710ddbca05bbc12dc038a37b72776a46cbe102ca34b5e	https://sbn.psi.edu/pds/shape-models/files/steins/steins.obj
models/shapes/tempel1/tempel1_2012_cart.obj	2625388	ee4e67c70467e90221d33014772334fa3eb1c1050ebaccd6184a8df218a10132	https://sbn.psi.edu/pds/shape-models/files/tempel1/tempel1_2012_cart.obj
models/shapes/tethys/tethys_ver512q.tab.obj	127096359	9bd687c5d480068d73bf712cb7a8399f3a4c993054d9cf8dc799d57969f3ef26	https://sbn.psi.edu/pds/shape-models/files/tethys/tethys_ver512q.tab.obj
models/shapes/vesta/Vesta-256V.obj	7085311	4b7cbdc7c7291fffcd1f3373914a6f0ad9234abf3a7260bdd9a3b5655e0d0774	https://sbn.psi.edu/pds/shape-models/files/vesta/Vesta-256V.obj
models/shapes/wild2/wild2_cart_full.tab.obj	568582	1721238356759592371d3c6d0b32afd7c55dea99234f23ca1a8b3f9498ae7e0e	https://sbn.psi.edu/pds/shape-models/files/wild2/wild2_cart_full.tab.obj
models/small_bodies/Churyumov-Gerasimenko.ply	4864228	d6106e1be782fcf3eaa0f505820cdcf55672a43b4ed7d453cf59c7a92cc0018f	https://gitlab.com/Dexter9313/prograde-data/-/raw/master/solarsystem/systems/Solar%20System/models/Churyumov-Gerasimenko.ply
models/small_bodies/Deimos.ply	95984	3b7f890643b9cf317fa49cd6ea17a64e0e016b8e9244af2b718524252879b9f7	https://gitlab.com/Dexter9313/prograde-data/-/raw/master/solarsystem/systems/Solar%20System/models/Deimos.ply
models/small_bodies/Dione.ply	3735779	ff250a286792d8202b19f9e836ed4c32a1e929a418b1dda09742867539698504	https://gitlab.com/Dexter9313/prograde-data/-/raw/master/solarsystem/systems/Solar%20System/models/Dione.ply
models/small_bodies/Hyperion.ply	556318	976eb25fb07a1ef48d52b3f46ed3d47a858653ce3fcce230b9f03d046cf3f536	https://gitlab.com/Dexter9313/prograde-data/-/raw/master/solarsystem/systems/Solar%20System/models/Hyperion.ply
models/small_bodies/Iapetus.ply	53720610	fde1efc0e41241ee88456734e92499f5fe7df02d7b0fac84ecfefd4defe8c8e8	https://gitlab.com/Dexter9313/prograde-data/-/raw/master/solarsystem/systems/Solar%20System/models/Iapetus.ply
models/small_bodies/Juno.ply	34423	b78962a9af5e4111c09c79a9c60d763c5775226e277f6c4ed3ec7130d5e3cd90	https://gitlab.com/Dexter9313/prograde-data/-/raw/master/solarsystem/systems/Solar%20System/models/Juno.ply
models/small_bodies/LICENSE	123	67b9e05cc2f2af9757bbe4a9165494390920f36e2db4433b4f7b6d16eb0e4ab3	https://gitlab.com/Dexter9313/prograde-data/-/raw/master/solarsystem/systems/Solar%20System/models/LICENSE
models/small_bodies/Mimas.ply	3735779	47a5a6298524a4dbc0cd852965d05c85c6a2fd8bb6258621a2a6204c80ca03a3	https://gitlab.com/Dexter9313/prograde-data/-/raw/master/solarsystem/systems/Solar%20System/models/Mimas.ply
models/small_bodies/Pallas.ply	15422	b43643683b3f731b133c52df2476d93f9cfa9025cac9e23958fbe88b3fc11493	https://gitlab.com/Dexter9313/prograde-data/-/raw/master/solarsystem/systems/Solar%20System/models/Pallas.ply
models/small_bodies/Phobos.ply	3735779	de98ff376e17938354bb3bac8eb25c7e12e1914201573eccab32d0486cb85d7d	https://gitlab.com/Dexter9313/prograde-data/-/raw/master/solarsystem/systems/Solar%20System/models/Phobos.ply
models/small_bodies/Rhea.ply	3800228	62b1a19b2bdb80f2ac27f33432bc11d4b91770e1a8e2aeb9b05f27d35ab446a2	https://gitlab.com/Dexter9313/prograde-data/-/raw/master/solarsystem/systems/Solar%20System/models/Rhea.ply
models/small_bodies/Tethys.ply	3735779	ad9f3e27675ad6f9f673a5677a355455189cc2d7e00f56ef4ca89986efecc79f	https://gitlab.com/Dexter9313/prograde-data/-/raw/master/solarsystem/systems/Solar%20System/models/Tethys.ply
models/small_bodies/Vesta.ply	4864228	6aeaecd3e9c98734dc4ec07cae665896fd709c0d8de2514ad0b236d76b4a3094	https://gitlab.com/Dexter9313/prograde-data/-/raw/master/solarsystem/systems/Solar%20System/models/Vesta.ply
models/spacecraft/Cassini/Cassini_66.blend	3572784	22688f3518ebe03e56f37b5aeb45bc0670413a123fa184b33d4d4acfb27384f4	https://gitlab.com/Dexter9313/prograde-data/-/raw/master/solarsystem/systems/Solar%20System/models/Cassini/Cassini_66.blend
models/spacecraft/Cassini/LICENSE	208	b2758246838d3d4339b7d5a1e6a294ec1d48094b30f4961602fda917ec5e9c78	https://gitlab.com/Dexter9313/prograde-data/-/raw/master/solarsystem/systems/Solar%20System/models/Cassini/LICENSE
models/spacecraft/Cassini/texture/dish_AO.png	446279	e2c700dc17238e76d3b6ef0c0133b25a361e3d022a202c12630843f0046e0637	https://gitlab.com/Dexter9313/prograde-data/-/raw/master/solarsystem/systems/Solar%20System/models/Cassini/texture/dish_AO.png
models/spacecraft/Cassini/texture/foil_gold_ramp.png	3627	fb58fcd71c70b6714e2c06e3d0ebc3f5e77b4e4c91b78c807927be0c2d619d26	https://gitlab.com/Dexter9313/prograde-data/-/raw/master/solarsystem/systems/Solar%20System/models/Cassini/texture/foil_gold_ramp.png
models/spacecraft/Cassini/texture/foil_n.png	309641	2ac7f687a8d7c334158a9dc9934fb7be27bd524967eb1cd9a9451204123cee87	https://gitlab.com/Dexter9313/prograde-data/-/raw/master/solarsystem/systems/Solar%20System/models/Cassini/texture/foil_n.png
models/spacecraft/Cassini/texture/foil_n_2.png	673460	178e745d103e29b3d08bd27c490b56d09c67ac15a5f5038f69b3bb98e9d1c3b7	https://gitlab.com/Dexter9313/prograde-data/-/raw/master/solarsystem/systems/Solar%20System/models/Cassini/texture/foil_n_2.png
models/spacecraft/Cassini/texture/tex_01_.png	845646	7b0a9b14fecd7835dcb2ea0fb5f29d0ab2d0265c06109b6350af9c45c26239de	https://gitlab.com/Dexter9313/prograde-data/-/raw/master/solarsystem/systems/Solar%20System/models/Cassini/texture/tex_01_.png
models/spacecraft/Dawn/Dawn.mtl	3514	2f23461bfd015d4e4e0492db393be20b50f1febce49fea9ff655ccf0ce35b9f4	https://gitlab.com/Dexter9313/prograde-data/-/raw/master/solarsystem/systems/Solar%20System/models/Dawn/Dawn.mtl
models/spacecraft/Dawn/Dawn.obj	2544333	e75db47f71ed7ca6c5987057ef7f7f63ebfc84f70e414d0dab91e8fc9a161c94	https://gitlab.com/Dexter9313/prograde-data/-/raw/master/solarsystem/systems/Solar%20System/models/Dawn/Dawn.obj
models/spacecraft/Dawn/LICENSE	205	3940bf5626fd85aeed8cbc63250bed42e0400a9ee242d5fc841f61a85604b672	https://gitlab.com/Dexter9313/prograde-data/-/raw/master/solarsystem/systems/Solar%20System/models/Dawn/LICENSE
models/spacecraft/Dawn/texture/Dawn_tex_01.png	677554	3f39e2e372d1ffd76fd29dd49982437f1849bd2ee35e112e46840252fad2d411	https://gitlab.com/Dexter9313/prograde-data/-/raw/master/solarsystem/systems/Solar%20System/models/Dawn/texture/Dawn_tex_01.png
models/spacecraft/Dawn/texture/foil_antenna.png	216841	631f9a9e77b1191e808ba91f29b50fbbbd26ddf8cdd13eafe4aed8d5f5c563f9	https://gitlab.com/Dexter9313/prograde-data/-/raw/master/solarsystem/systems/Solar%20System/models/Dawn/texture/foil_antenna.png
models/spacecraft/Dawn/texture/foil_antenna_n.png	209522	eae6dfcdab44881a69a5edcab7117e7be5f3d4baf607c1fb14697fdf257df1aa	https://gitlab.com/Dexter9313/prograde-data/-/raw/master/solarsystem/systems/Solar%20System/models/Dawn/texture/foil_antenna_n.png
models/spacecraft/Dawn/texture/foil_gold_ramp.png	3627	fb58fcd71c70b6714e2c06e3d0ebc3f5e77b4e4c91b78c807927be0c2d619d26	https://gitlab.com/Dexter9313/prograde-data/-/raw/master/solarsystem/systems/Solar%20System/models/Dawn/texture/foil_gold_ramp.png
models/spacecraft/Dawn/texture/foil_n.png	309641	2ac7f687a8d7c334158a9dc9934fb7be27bd524967eb1cd9a9451204123cee87	https://gitlab.com/Dexter9313/prograde-data/-/raw/master/solarsystem/systems/Solar%20System/models/Dawn/texture/foil_n.png
models/spacecraft/Dawn/texture/foil_silver_ramp.png	3466	567af56afb9b1af16f52db7d95250e297d38d21efefcc8f5e6649555bc05559a	https://gitlab.com/Dexter9313/prograde-data/-/raw/master/solarsystem/systems/Solar%20System/models/Dawn/texture/foil_silver_ramp.png
models/spacecraft/Hubble/HUBSOLAR.JPG	47702	a9c7d936d9c43f0eab632790784cd14134c9be750a2ef25793f1005f8153520c	https://gitlab.com/Dexter9313/prograde-data/-/raw/master/solarsystem/systems/Solar%20System/models/Hubble/HUBSOLAR.JPG
models/spacecraft/Hubble/Hubble.mtl	3628	08d12cbd2386f9ce4c768b010c550be3e5fb46cabf9341cf96096d036094a43b	https://gitlab.com/Dexter9313/prograde-data/-/raw/master/solarsystem/systems/Solar%20System/models/Hubble/Hubble.mtl
models/spacecraft/Hubble/Hubble.obj	83232455	b3d9953f4825c585f9cece6dd5d5767b8ab25f53cbc4bc5bfdac42d6803665dc	https://gitlab.com/Dexter9313/prograde-data/-/raw/master/solarsystem/systems/Solar%20System/models/Hubble/Hubble.obj
models/spacecraft/Hubble/LICENSE	146	ea3abcc8ed674bcbac6be73afea39f3e4a4cfa0718f1e621a060059a9d984f17	https://gitlab.com/Dexter9313/prograde-data/-/raw/master/solarsystem/systems/Solar%20System/models/Hubble/LICENSE
models/spacecraft/Hubble/SCBLACK.JPG	12003	b3b744b1adfe8e839392562088e6b160a8529c0f407a35af9c1b5b398c06721f	https://gitlab.com/Dexter9313/prograde-data/-/raw/master/solarsystem/systems/Solar%20System/models/Hubble/SCBLACK.JPG
models/spacecraft/Hubble/SCDKGRA.JPG	13919	333a0b3b68287893f685b2b858bc6c5667827ee0f0443ac1c30c4b0ac3b7a778	https://gitlab.com/Dexter9313/prograde-data/-/raw/master/solarsystem/systems/Solar%20System/models/Hubble/SCDKGRA.JPG
models/spacecraft/Hubble/SCLOGOS1.JPG	45738	763838ba9bfe86aa72dce134f69d1eb81ff73e1c07656b0de80b86e7ffcbed84	https://gitlab.com/Dexter9313/prograde-data/-/raw/master/solarsystem/systems/Solar%20System/models/Hubble/SCLOGOS1.JPG
models/spacecraft/Hubble/SCLTGRA.JPG	25121	799b83001269f2a4a4661090e224cf889e17c5c457f60f971de1d27f2ec07a75	https://gitlab.com/Dexter9313/prograde-data/-/raw/master/solarsystem/systems/Solar%20System/models/Hubble/SCLTGRA.JPG
models/spacecraft/Hubble/SCLTGRAR.JPG	22807	96efe6dee5848650c3dedde456fc4137bf85d282db085fa5e925939f5ca89521	https://gitlab.com/Dexter9313/prograde-data/-/raw/master/solarsystem/systems/Solar%20System/models/Hubble/SCLTGRAR.JPG
models/spacecraft/Hubble/SCORNGE.JPG	97191	329ef1e0e6ff0e4c52a337cad7a9ad467b0fc5a8d761201c93fa702032865224	https://gitlab.com/Dexter9313/prograde-data/-/raw/master/solarsystem/systems/Solar%20System/models/Hubble/SCORNGE.JPG
models/spacecraft/Hubble/SCPLATE.JPG	53819	cf36be9b13be74c81e1a4fbd637fb5d230dfcc145f0a75263aa2ad21b966d80e	https://gitlab.com/Dexter9313/prograde-data/-/raw/master/solarsystem/systems/Solar%20System/models/Hubble/SCPLATE.JPG
models/spacecraft/Hubble/SCPLATE2.JPG	57450	0f74aaa2b9af70148bb256cac72b3abb87e3344ec30ef34a8f24f5eff6e90d70	https://gitlab.com/Dexter9313/prograde-data/-/raw/master/solarsystem/systems/Solar%20System/models/Hubble/SCPLATE2.JPG
models/spacecraft/Hubble/SCPURP.JPG	19481	74df6c47742c98946c5fc31489aeccb97917dc6d10adce62916144fd6645896d	https://gitlab.com/Dexter9313/prograde-data/-/raw/master/solarsystem/systems/Solar%20System/models/Hubble/SCPURP.JPG
models/spacecraft/Hubble/SCTFOIL2.JPG	145081	2562fdc73190bb430ca41f3e56a3eb5a84edc4b4a359347151b5e242ddb7be37	https://gitlab.com/Dexter9313/prograde-data/-/raw/master/solarsystem/systems/Solar%20System/models/Hubble/SCTFOIL2.JPG
models/spacecraft/Hubble/SCYELL.JPG	96953	9fedb973c1fb1c5d9e67d21965b6653ebba534790b7c1d9ad9d592e183dd72c1	https://gitlab.com/Dexter9313/prograde-data/-/raw/master/solarsystem/systems/Solar%20System/models/Hubble/SCYELL.JPG
models/spacecraft/Hubble/scdkgrar.jpg	12786	d69ca74c45a7e71660e8ea9d3f39e13791f0dfc531b22792e9b0c1483a139fe2	https://gitlab.com/Dexter9313/prograde-data/-/raw/master/solarsystem/systems/Solar%20System/models/Hubble/scdkgrar.jpg
models/spacecraft/ISS/LICENSE	243	9eb43734ede57b1e5da72768f09208f4243f2383dc47b3a547042c74221aa493	https://gitlab.com/Dexter9313/prograde-data/-/raw/master/solarsystem/systems/Solar%20System/models/ISS/LICENSE
models/spacecraft/ISS/scene.bin	3063556	23bca92ec3ce518311a84e9e2f49fe28e28c188398e0f83e32149b9c0754a187	https://gitlab.com/Dexter9313/prograde-data/-/raw/master/solarsystem/systems/Solar%20System/models/ISS/scene.bin
models/spacecraft/ISS/scene.gltf	248611	759f509bced923ae19985f308f7213dfff8efbc66237366710c7f24bdd4c308c	https://gitlab.com/Dexter9313/prograde-data/-/raw/master/solarsystem/systems/Solar%20System/models/ISS/scene.gltf
models/spacecraft/ISS/textures/19_-_Default_baseColor.png	1308	1b8cdaf2430e7da11a10d7b62ea4a05d5a0ae964638aa352725d5b5271741031	https://gitlab.com/Dexter9313/prograde-data/-/raw/master/solarsystem/systems/Solar%20System/models/ISS/textures/19_-_Default_baseColor.png
models/spacecraft/ISS/textures/Default_baseColor.png	681	37dc25f1f4823f3834e844d5a480e5c7f1a472ac0d3d18599445afd0f09e39f0	https://gitlab.com/Dexter9313/prograde-data/-/raw/master/solarsystem/systems/Solar%20System/models/ISS/textures/Default_baseColor.png
models/spacecraft/ISS/textures/d_ring_with_Tex_baseColor.png	10821	bc1c449ce47be3223e673e08aacaea31e39d2072c3c4647593bda65634feb317	https://gitlab.com/Dexter9313/prograde-data/-/raw/master/solarsystem/systems/Solar%20System/models/ISS/textures/d_ring_with_Tex_baseColor.png
models/spacecraft/ISS/textures/graple_with_Tex_baseColor.png	14830	6a4301ad48bc05b3609033ab14c4652cb39055699dd47faff210b5643e789d18	https://gitlab.com/Dexter9313/prograde-data/-/raw/master/solarsystem/systems/Solar%20System/models/ISS/textures/graple_with_Tex_baseColor.png
models/spacecraft/ISS/textures/iss_dc_with_Tex_baseColor.png	6871	755646ce56479dbe3d25ef2786b738c1654d2e61bec5bfa17d3bb95323e96552	https://gitlab.com/Dexter9313/prograde-data/-/raw/master/solarsystem/systems/Solar%20System/models/ISS/textures/iss_dc_with_Tex_baseColor.png
models/spacecraft/ISS/textures/iss_dcs_with_Tex_baseColor.png	11989	8be81a5b833ab2c5d85ff08948d2489cbe60467c79d5f52a110dc8cb86f48913	https://gitlab.com/Dexter9313/prograde-data/-/raw/master/solarsystem/systems/Solar%20System/models/ISS/textures/iss_dcs_with_Tex_baseColor.png
models/spacecraft/ISS/textures/iss_un_with_Tex_baseColor.png	8392	216608fc0985d2421ea9bf1ee7bb563dde5d05c3aa866af283b225fff841b756	https://gitlab.com/Dexter9313/prograde-data/-/raw/master/solarsystem/systems/Solar%20System/models/ISS/textures/iss_un_with_Tex_baseColor.png
models/spacecraft/ISS/textures/issb2_with_Tex_baseColor.png	12572	87dbb2b377975962425c33c92e295942f4c88f023305258e8699ab17130018c4	https://gitlab.com/Dexter9313/prograde-data/-/raw/master/solarsystem/systems/Solar%20System/models/ISS/textures/issb2_with_Tex_baseColor.png
models/spacecraft/ISS/textures/issb3_with_Tex_baseColor.png	8726	a513652bc4ffbe63516a6644cddd9a470c641b0079171286eb854e978b7340e4	https://gitlab.com/Dexter9313/prograde-data/-/raw/master/solarsystem/systems/Solar%20System/models/ISS/textures/issb3_with_Tex_baseColor.png
models/spacecraft/ISS/textures/issb4_with_Tex_baseColor.png	2296	b83980087af9df7b7b87eb8f7ee09deeddc68c7a419309cd1dbc50b740ed2cdf	https://gitlab.com/Dexter9313/prograde-data/-/raw/master/solarsystem/systems/Solar%20System/models/ISS/textures/issb4_with_Tex_baseColor.png
models/spacecraft/ISS/textures/issb_with_Tex_I_baseColor.png	30694	a422d32472d3009bfaeeccf140d1182c49cbd8fcc0e9e3cbf72cc7fd28c16559	https://gitlab.com/Dexter9313/prograde-data/-/raw/master/solarsystem/systems/Solar%20System/models/ISS/textures/issb_with_Tex_I_baseColor.png
models/spacecraft/ISS/textures/issbs_with_Tex_baseColor.png	1226	19585f90557d7ee4494431771ccd91c9ef4eb837dd6ba1fae421bc336d3360e0	https://gitlab.com/Dexter9313/prograde-data/-/raw/master/solarsystem/systems/Solar%20System/models/ISS/textures/issbs_with_Tex_baseColor.png
models/spacecraft/ISS/textures/issbso2_with_Tex_baseColor.png	14874	ecb4061cad0b595082e0cfdf56d437942ff7bffe2a6c8b848b36dfbcf5d14511	https://gitlab.com/Dexter9313/prograde-data/-/raw/master/solarsystem/systems/Solar%20System/models/ISS/textures/issbso2_with_Tex_baseColor.png
models/spacecraft/ISS/textures/issbso_with_Tex_baseColor.png	14476	9cc5ed933bfaee90b5f37396a8503513dfe2fcaaa5e9a90a9eb8e3087743d00b	https://gitlab.com/Dexter9313/prograde-data/-/raw/master/solarsystem/systems/Solar%20System/models/ISS/textures/issbso_with_Tex_baseColor.png
models/spacecraft/ISS/textures/isscov2_with_Tex_baseColor.png	16972	d42bfa1df4396ab299ce18592b0b0a814d06146361ef999e70fc2a39795d8159	https://gitlab.com/Dexter9313/prograde-data/-/raw/master/solarsystem/systems/Solar%20System/models/ISS/textures/isscov2_with_Tex_baseColor.png
models/spacecraft/ISS/textures/isscover_with_Te_baseColor.png	2070	5b7bca96b7b30880747c45571369a50a4b5a41abc8bcc914e91f40f63aee5988	https://gitlab.com/Dexter9313/prograde-data/-/raw/master/solarsystem/systems/Solar%20System/models/ISS/textures/isscover_with_Te_baseColor.png
models/spacecraft/ISS/textures/isscup_with_Tex_baseColor.png	1425	7ec6fa1fc1579298103642f8af9340af11093477d39c94adb89b5e219d7780fa	https://gitlab.com/Dexter9313/prograde-data/-/raw/master/solarsystem/systems/Solar%20System/models/ISS/textures/isscup_with_Tex_baseColor.png
models/spacecraft/ISS/textures/issdish_with_Tex_baseColor.png	1367	4d20e3f8b1c40b1785e6c694116deda2ffabb6170fd31f168c1c70c83ee9b19e	https://gitlab.com/Dexter9313/prograde-data/-/raw/master/solarsystem/systems/Solar%20System/models/ISS/textures/issdish_with_Tex_baseColor.png
models/spacecraft/ISS/textures/issdot_with_Tex_baseColor.png	652	359dd11e62144a6de69b46632c21d0588b59463bff9de8d6f6a1263e645a4955	https://gitlab.com/Dexter9313/prograde-data/-/raw/master/solarsystem/systems/Solar%20System/models/ISS/textures/issdot_with_Tex_baseColor.png
models/spacecraft/ISS/textures/issesa_with_Tex_baseColor.png	1217	66eb59b1dfc35341d7d78f2edd2213d73c21e08b8e9e61395853bf564b55d125	https://gitlab.com/Dexter9313/prograde-data/-/raw/master/solarsystem/systems/Solar%20System/models/ISS/textures/issesa_with_Tex_baseColor.png
models/spacecraft/ISS/textures/isshand_with_Tex_baseColor.png	3430	59d552780b4ba904f9da3791d043aea71395779a4b7de9e3a40c6fdff9e486fb	https://gitlab.com/Dexter9313/prograde-data/-/raw/master/solarsystem/systems/Solar%20System/models/ISS/textures/isshand_with_Tex_baseColor.png
models/spacecraft/ISS/textures/issins_with_Tex_baseColor.png	11133	1301d261fb832c61585d3cb32740a8b60b7746b671f83012c092a472c939608c	https://gitlab.com/Dexter9313/prograde-data/-/raw/master/solarsystem/systems/Solar%20System/models/ISS/textures/issins_with_Tex_baseColor.png
models/spacecraft/ISS/textures/issku1_with_Tex_baseColor.png	5959	472d35a6785a891be298f14947d2f4148e631830878f311c40a817b963f83c48	https://gitlab.com/Dexter9313/prograde-data/-/raw/master/solarsystem/systems/Solar%20System/models/ISS/textures/issku1_with_Tex_baseColor.png
models/spacecraft/ISS/textures/issku2_with_Tex_baseColor.png	5162	66650a01217c35a5c38d88ca2961898e3807e07c1e566489c5295324556f8fac	https://gitlab.com/Dexter9313/prograde-data/-/raw/master/solarsystem/systems/Solar%20System/models/ISS/textures/issku2_with_Tex_baseColor.png
models/spacecraft/ISS/textures/issku_with_Tex_baseColor.png	13339	78f58f45ab70a016186acd5f9ee538dfba90ca4e300d89aa4f4449adfad126e7	https://gitlab.com/Dexter9313/prograde-data/-/raw/master/solarsystem/systems/Solar%20System/models/ISS/textures/issku_with_Tex_baseColor.png
models/spacecraft/ISS/textures/issmb_with_Tex_baseColor.png	8424	8879315be372a41ec83dae0edeae0c37e8729d1390cae381e66ff5383fabe6bc	https://gitlab.com/Dexter9313/prograde-data/-/raw/master/solarsystem/systems/Solar%20System/models/ISS/textures/issmb_with_Tex_baseColor.png
models/spacecraft/ISS/textures/issmod_with_Tex_baseColor.png	2036	3801270eed64a4a7d31b7d1759237f5d8a15660a07d2aac530bdbd0e99448656	https://gitlab.com/Dexter9313/prograde-data/-/raw/master/solarsystem/systems/Solar%20System/models/ISS/textures/issmod_with_Tex_baseColor.png
models/spacecraft/ISS/textures/issp2_with_Tex_baseColor.png	1255	52edd198a2cd1a323421fc5d8e598251f49ba89baf29df099103b1fd65a8bf1a	https://gitlab.com/Dexter9313/prograde-data/-/raw/master/solarsystem/systems/Solar%20System/models/ISS/textures/issp2_with_Tex_baseColor.png
models/spacecraft/ISS/textures/isspanel_with_Te_baseColor.png	24318	5b44d108b5bc64ce3e2176ac277e6fa723eb9554c5ab5f914355ab90d8ff84e8	https://gitlab.com/Dexter9313/prograde-data/-/raw/master/solarsystem/systems/Solar%20System/models/ISS/textures/isspanel_with_Te_baseColor.png
models/spacecraft/ISS/textures/issrad_with_Tex_baseColor.png	4374	fbca9c1061429d88dfcee3c79e723c8b1bfb0154650691f3f3fef1f97e0c4f69	https://gitlab.com/Dexter9313/prograde-data/-/raw/master/solarsystem/systems/Solar%20System/models/ISS/textures/issrad_with_Tex_baseColor.png
models/spacecraft/ISS/textures/issred_with_Tex_baseColor.png	1255	52edd198a2cd1a323421fc5d8e598251f49ba89baf29df099103b1fd65a8bf1a	https://gitlab.com/Dexter9313/prograde-data/-/raw/master/solarsystem/systems/Solar%20System/models/ISS/textures/issred_with_Tex_baseColor.png
models/spacecraft/ISS/textures/isssolar_with_Te_baseColor.png	10455	0aff34bc40566e7a251ec7fcefddae3a3e98e8497c65421b6b4b7435b4ec7a05	https://gitlab.com/Dexter9313/prograde-data/-/raw/master/solarsystem/systems/Solar%20System/models/ISS/textures/isssolar_with_Te_baseColor.png
models/spacecraft/ISS/textures/issusa_with_Tex_baseColor.png	13339	78f58f45ab70a016186acd5f9ee538dfba90ca4e300d89aa4f4449adfad126e7	https://gitlab.com/Dexter9313/prograde-data/-/raw/master/solarsystem/systems/Solar%20System/models/ISS/textures/issusa_with_Tex_baseColor.png
models/spacecraft/ISS/textures/issusaf_with_1_baseColor.png	7700	6aab88dc575065fed695706e0b4f040693f096fffe960b768715d59d248ea04a	https://gitlab.com/Dexter9313/prograde-data/-/raw/master/solarsystem/systems/Solar%20System/models/ISS/textures/issusaf_with_1_baseColor.png
models/spacecraft/ISS/textures/issusaf_with_Tex_baseColor.png	7700	6aab88dc575065fed695706e0b4f040693f096fffe960b768715d59d248ea04a	https://gitlab.com/Dexter9313/prograde-data/-/raw/master/solarsystem/systems/Solar%20System/models/ISS/textures/issusaf_with_Tex_baseColor.png
models/spacecraft/ISS/textures/isszmod_with_Tex_baseColor.png	20921	ed257af0cad6d0297fec4c8933f68c8fba85dea31abba9f19fde87cbb96c1b15	https://gitlab.com/Dexter9313/prograde-data/-/raw/master/solarsystem/systems/Solar%20System/models/ISS/textures/isszmod_with_Tex_baseColor.png
models/spacecraft/ISS/textures/metalcon_with_Te_baseColor.png	13304	cc37d22d1a2311b56fd5f3db2e2544cfedc1f71511c46f9d52748bf30a119c44	https://gitlab.com/Dexter9313/prograde-data/-/raw/master/solarsystem/systems/Solar%20System/models/ISS/textures/metalcon_with_Te_baseColor.png
models/spacecraft/ISS/textures/nasda_with_Tex_baseColor.png	1256	229f8fbe2e3d175b4e06a468471326db687081033587ee58c494bb8763ffe35a	https://gitlab.com/Dexter9313/prograde-data/-/raw/master/solarsystem/systems/Solar%20System/models/ISS/textures/nasda_with_Tex_baseColor.png
models/spacecraft/ISS/textures/questcov_with_Te_baseColor.png	14449	9f82254b869ebd0d82afb1946c1421984f5e72e7ca35a0656f86fcc49412ad2e	https://gitlab.com/Dexter9313/prograde-data/-/raw/master/solarsystem/systems/Solar%20System/models/ISS/textures/questcov_with_Te_baseColor.png
models/spacecraft/Juno/Juno.mtl	1927	881e0d3ed40d8c6e5dab20fc9cf3c3cf78d215a2ea75257579b7a4733d9f7fae	https://gitlab.com/Dexter9313/prograde-data/-/raw/master/solarsystem/systems/Solar%20System/models/Juno/Juno.mtl
models/spacecraft/Juno/Juno.obj	1628088	32617543ea412fd57c3a6a205ebffdb8dadc735f7781318bd1b66ca0a241b2cc	https://gitlab.com/Dexter9313/prograde-data/-/raw/master/solarsystem/systems/Solar%20System/models/Juno/Juno.obj
models/spacecraft/Juno/Juno_Texture.png	1101576	613921c917d13b344e1611db4755f0e058de34691e17a4665bacb5d3957f354f	https://gitlab.com/Dexter9313/prograde-data/-/raw/master/solarsystem/systems/Solar%20System/models/Juno/Juno_Texture.png
models/spacecraft/Juno/Juno_Texture_Solar.png	4136876	62fb9cb5355838d3d05573d5788d9deca9b0bd612bb4e2745aac56f742d87e37	https://gitlab.com/Dexter9313/prograde-data/-/raw/master/solarsystem/systems/Solar%20System/models/Juno/Juno_Texture_Solar.png
models/spacecraft/Juno/Juno_Texture_Solar2.png	1087770	ad281f4fd1d683c3476e941b8af6d93340f630fd2fb42ec1fabf392d9b639ea4	https://gitlab.com/Dexter9313/prograde-data/-/raw/master/solarsystem/systems/Solar%20System/models/Juno/Juno_Texture_Solar2.png
models/spacecraft/Juno/LICENSE	193	5bc3cd51dc0d04601328e7493be63c4dbbc49e98cd3584b073ae47f846c3ad7d	https://gitlab.com/Dexter9313/prograde-data/-/raw/master/solarsystem/systems/Solar%20System/models/Juno/LICENSE
models/spacecraft/Juno/black_krinkle.png	331229	18498e5e62cb21bab95ab5ca52346a550b352e928849115d8751a29288bfd69d	https://gitlab.com/Dexter9313/prograde-data/-/raw/master/solarsystem/systems/Solar%20System/models/Juno/black_krinkle.png
models/spacecraft/Juno/foil_antenna.png	140366	3dd5507c43d3b4b56d5587455bfdec69d2f67b96a6a022b2dae26fb547873c15	https://gitlab.com/Dexter9313/prograde-data/-/raw/master/solarsystem/systems/Solar%20System/models/Juno/foil_antenna.png
models/spacecraft/Juno/foil_gold_2.png	567981	566dc9efdef7d9077cb747c9058a0e2997de57d0129f89d9ff9a4607764fc430	https://gitlab.com/Dexter9313/prograde-data/-/raw/master/solarsystem/systems/Solar%20System/models/Juno/foil_gold_2.png
models/spacecraft/Juno/foil_silver.png	461497	c0d1bd636cf2f1e2f11457864f776b809a844ffeab80ea6dc2aa16a79d92c8f3	https://gitlab.com/Dexter9313/prograde-data/-/raw/master/solarsystem/systems/Solar%20System/models/Juno/foil_silver.png
models/spacecraft/Kepler/LICENSE	207	ea26c69cf53970a0b80af118092a16de7dd7deec8bfbb65b95aa0d0f74753859	https://gitlab.com/Dexter9313/prograde-data/-/raw/master/solarsystem/systems/Solar%20System/models/Kepler/LICENSE
models/spacecraft/Kepler/kepler_v009.blend	2235352	1f326fc106ca10406826362c7520b9468a94ec968471c3929e962bfcf1d697ac	https://gitlab.com/Dexter9313/prograde-data/-/raw/master/solarsystem/systems/Solar%20System/models/Kepler/kepler_v009.blend
models/spacecraft/Kepler/texture/Kepler_texture.png	1303724	2526de17bdd498275e2681340053d9785c148ad7864f68d5c5ad1cdda2fd14fe	https://gitlab.com/Dexter9313/prograde-data/-/raw/master/solarsystem/systems/Solar%20System/models/Kepler/texture/Kepler_texture.png
models/spacecraft/Kepler/texture/dish_AO.png	91326	444bdcc2a17a2a4e3955d7787efab443f8bbc7924eaf94a35108f0ad2be1c901	https://gitlab.com/Dexter9313/prograde-data/-/raw/master/solarsystem/systems/Solar%20System/models/Kepler/texture/dish_AO.png
models/spacecraft/Kepler/texture/foil_gold_ramp.png	3627	fb58fcd71c70b6714e2c06e3d0ebc3f5e77b4e4c91b78c807927be0c2d619d26	https://gitlab.com/Dexter9313/prograde-data/-/raw/master/solarsystem/systems/Solar%20System/models/Kepler/texture/foil_gold_ramp.png
models/spacecraft/Kepler/texture/foil_n.png	309641	2ac7f687a8d7c334158a9dc9934fb7be27bd524967eb1cd9a9451204123cee87	https://gitlab.com/Dexter9313/prograde-data/-/raw/master/solarsystem/systems/Solar%20System/models/Kepler/texture/foil_n.png
models/spacecraft/Kepler/texture/foil_silver_ramp.png	3466	567af56afb9b1af16f52db7d95250e297d38d21efefcc8f5e6649555bc05559a	https://gitlab.com/Dexter9313/prograde-data/-/raw/master/solarsystem/systems/Solar%20System/models/Kepler/texture/foil_silver_ramp.png
models/spacecraft/Kepler/texture/r_AO.png	199037	2ad1ca504f6f77aac06c4014e0a10139d08ed9cb3e6fb97c0006099517567808	https://gitlab.com/Dexter9313/prograde-data/-/raw/master/solarsystem/systems/Solar%20System/models/Kepler/texture/r_AO.png
models/spacecraft/Kepler/texture/ring_AO.png	4188	a8277e1cb6143ad05d771d3596079cc681f7ca0627248ddec9cd6a58e878d4db	https://gitlab.com/Dexter9313/prograde-data/-/raw/master/solarsystem/systems/Solar%20System/models/Kepler/texture/ring_AO.png
models/spacecraft/Kepler/texture/ring_AO_2.png	842	57b5e40e68e97c62837b9d0a5a8f7aac22471c1633897f9bcf4fa62864ecc974	https://gitlab.com/Dexter9313/prograde-data/-/raw/master/solarsystem/systems/Solar%20System/models/Kepler/texture/ring_AO_2.png
models/spacecraft/MAVEN/LICENSE	184	030e4839d7fca035fc5eb990bc5064d1d6f4fbefe96779ced2476bca4fd41633	https://gitlab.com/Dexter9313/prograde-data/-/raw/master/solarsystem/systems/Solar%20System/models/MAVEN/LICENSE
models/spacecraft/MAVEN/Maven.blend	5572484	0bb96ce94e5786b0735e16992359ee1ad44b6a24152d94a58f250b4fe73ecec4	https://gitlab.com/Dexter9313/prograde-data/-/raw/master/solarsystem/systems/Solar%20System/models/MAVEN/Maven.blend
models/spacecraft/MAVEN/texture/AO_dish_frame.png	4202201	d30a330077f9e3ff533a7fd32767e6cbe68d41805d63d282365ed9bcd9f0961b	https://gitlab.com/Dexter9313/prograde-data/-/raw/master/solarsystem/systems/Solar%20System/models/MAVEN/texture/AO_dish_frame.png
models/spacecraft/MAVEN/texture/AO_parts_01.png	630993	722adcc1fda399562660fbff8d93d471fee94bb154628bd60f30a2ea8a0493e3	https://gitlab.com/Dexter9313/prograde-data/-/raw/master/solarsystem/systems/Solar%20System/models/MAVEN/texture/AO_parts_01.png
models/spacecraft/MAVEN/texture/AO_parts_02.png	654310	c738378746d26aa7f2b56ab62fa7cf5ef2496342717ea9b5080677c588940ffa	https://gitlab.com/Dexter9313/prograde-data/-/raw/master/solarsystem/systems/Solar%20System/models/MAVEN/texture/AO_parts_02.png
models/spacecraft/MAVEN/texture/AO_parts_03.png	262913	425da8e4dee5aef9f7f9c57b825516fc0197e00ab8be024025c0d695fd17d430	https://gitlab.com/Dexter9313/prograde-data/-/raw/master/solarsystem/systems/Solar%20System/models/MAVEN/texture/AO_parts_03.png
models/spacecraft/MAVEN/texture/AO_parts_04.png	4202201	8fdf797188f107fb6d73f87301ccf0b67c543ef6517e606b201932befdef5063	https://gitlab.com/Dexter9313/prograde-data/-/raw/master/solarsystem/systems/Solar%20System/models/MAVEN/texture/AO_parts_04.png
models/spacecraft/MAVEN/texture/AO_parts_05.png	174939	bb5e12e54460cf86907427c6b47efdec38cf63f25f1a0441507930f85eaa1e56	https://gitlab.com/Dexter9313/prograde-data/-/raw/master/solarsystem/systems/Solar%20System/models/MAVEN/texture/AO_parts_05.png
models/spacecraft/MAVEN/texture/foil_gold_ramp.png	3627	fb58fcd71c70b6714e2c06e3d0ebc3f5e77b4e4c91b78c807927be0c2d619d26	https://gitlab.com/Dexter9313/prograde-data/-/raw/master/solarsystem/systems/Solar%20System/models/MAVEN/texture/foil_gold_ramp.png
models/spacecraft/MAVEN/texture/foil_n.png	309641	2ac7f687a8d7c334158a9dc9934fb7be27bd524967eb1cd9a9451204123cee87	https://gitlab.com/Dexter9313/prograde-data/-/raw/master/solarsystem/systems/Solar%20System/models/MAVEN/texture/foil_n.png
models/spacecraft/MAVEN/texture/foil_n_2.png	209522	eae6dfcdab44881a69a5edcab7117e7be5f3d4baf607c1fb14697fdf257df1aa	https://gitlab.com/Dexter9313/prograde-data/-/raw/master/solarsystem/systems/Solar%20System/models/MAVEN/texture/foil_n_2.png
models/spacecraft/MAVEN/texture/foil_silver_ramp.png	3466	567af56afb9b1af16f52db7d95250e297d38d21efefcc8f5e6649555bc05559a	https://gitlab.com/Dexter9313/prograde-data/-/raw/master/solarsystem/systems/Solar%20System/models/MAVEN/texture/foil_silver_ramp.png
models/spacecraft/MAVEN/texture/stardust_01.png	996390	d8cbaf0780747a0645741f58168f9a9c17ff9cae2347876b504590e80a409495	https://gitlab.com/Dexter9313/prograde-data/-/raw/master/solarsystem/systems/Solar%20System/models/MAVEN/texture/stardust_01.png
models/spacecraft/MAVEN/texture/tex_01.png	1012369	8bce303852fb9d3242dbe12fb7466e25d3d155d9f5f0869a3551ec2daf599698	https://gitlab.com/Dexter9313/prograde-data/-/raw/master/solarsystem/systems/Solar%20System/models/MAVEN/texture/tex_01.png
models/spacecraft/MESSENGER/LICENSE	198	08a95a9ffd9dbd78b06fa08cb60e770f836a59b6428e79a2bc30a196cd99647e	https://gitlab.com/Dexter9313/prograde-data/-/raw/master/solarsystem/systems/Solar%20System/models/MESSENGER/LICENSE
models/spacecraft/MESSENGER/MESSENGER.mtl	2738	4af0be2edfa9f833ceb4f19c94fadde6b3e9a3d562791fc34c7f9b4b1e5c096f	https://gitlab.com/Dexter9313/prograde-data/-/raw/master/solarsystem/systems/Solar%20System/models/MESSENGER/MESSENGER.mtl
models/spacecraft/MESSENGER/MESSENGER.obj	969815	a50982a0eae2a069ed5fe095ebd04d3c71adf55fbf22d2fcae4be5c2c94af1b4	https://gitlab.com/Dexter9313/prograde-data/-/raw/master/solarsystem/systems/Solar%20System/models/MESSENGER/MESSENGER.obj
models/spacecraft/MESSENGER/texture/AO_heatshield.png	491709	1eb43abe90d94432b01f5188c1c5b0009c081d0fc3bcfde9e2acb23969196eb2	https://gitlab.com/Dexter9313/prograde-data/-/raw/master/solarsystem/systems/Solar%20System/models/MESSENGER/texture/AO_heatshield.png
models/spacecraft/MESSENGER/texture/AO_other1.png	349252	7b4e5c7b87785f02d3ede529903bf8f51eeb6e3585f63ccdf5f2e4c3662d2372	https://gitlab.com/Dexter9313/prograde-data/-/raw/master/solarsystem/systems/Solar%20System/models/MESSENGER/texture/AO_other1.png
models/spacecraft/MESSENGER/texture/AO_other2.png	280310	47b7e7d8a02e83153f6580920ec33a711326394b5d1a9fa51895758d29cf84d9	https://gitlab.com/Dexter9313/prograde-data/-/raw/master/solarsystem/systems/Solar%20System/models/MESSENGER/texture/AO_other2.png
models/spacecraft/MESSENGER/texture/AO_other_b.png	368552	b2fe551584a3bb5300970ade823a3b42d7636be2931eddfc2619b0f0bdb2f5be	https://gitlab.com/Dexter9313/prograde-data/-/raw/master/solarsystem/systems/Solar%20System/models/MESSENGER/texture/AO_other_b.png
models/spacecraft/MESSENGER/texture/Messenger_tex.png	810404	5355e2770b0638105b5f33df1b3b8bff1ad5def6372871786275d6d4622ffe00	https://gitlab.com/Dexter9313/prograde-data/-/raw/master/solarsystem/systems/Solar%20System/models/MESSENGER/texture/Messenger_tex.png
models/spacecraft/MESSENGER/texture/Messenger_tex_02.png	506430	18e9fe39db0819ced2f12b2d41213994b753975c1c0abbb22c502352cd27cd30	https://gitlab.com/Dexter9313/prograde-data/-/raw/master/solarsystem/systems/Solar%20System/models/MESSENGER/texture/Messenger_tex_02.png
models/spacecraft/MESSENGER/texture/Tex_black.png	760	d7d0fbca08c068634737a94dd185241a21869df62c59bb5afd4c901c98f750b0	https://gitlab.com/Dexter9313/prograde-data/-/raw/master/solarsystem/systems/Solar%20System/models/MESSENGER/texture/Tex_black.png
models/spacecraft/MESSENGER/texture/Tex_dark_grey.png	759	57b7403faf2f4d85623dd59eeb26e57b5ccf51c7e302ae7f4e7d47511b57bda3	https://gitlab.com/Dexter9313/prograde-data/-/raw/master/solarsystem/systems/Solar%20System/models/MESSENGER/texture/Tex_dark_grey.png
models/spacecraft/MESSENGER/texture/foil_gold_ramp.png	3627	fb58fcd71c70b6714e2c06e3d0ebc3f5e77b4e4c91b78c807927be0c2d619d26	https://gitlab.com/Dexter9313/prograde-data/-/raw/master/solarsystem/systems/Solar%20System/models/MESSENGER/texture/foil_gold_ramp.png
models/spacecraft/MESSENGER/texture/foil_n.png	309641	2ac7f687a8d7c334158a9dc9934fb7be27bd524967eb1cd9a9451204123cee87	https://gitlab.com/Dexter9313/prograde-data/-/raw/master/solarsystem/systems/Solar%20System/models/MESSENGER/texture/foil_n.png
models/spacecraft/MESSENGER/texture/foil_silver_ramp.png	3466	567af56afb9b1af16f52db7d95250e297d38d21efefcc8f5e6649555bc05559a	https://gitlab.com/Dexter9313/prograde-data/-/raw/master/solarsystem/systems/Solar%20System/models/MESSENGER/texture/foil_silver_ramp.png
models/spacecraft/New Horizons/NewHorizons.mtl	1128	55d1694857a5f2ff9502841471cdf5ebd206333108d41ff6641467c054f4ec9e	https://gitlab.com/Dexter9313/prograde-data/-/raw/master/solarsystem/systems/Solar%20System/models/New%20Horizons/NewHorizons.mtl
models/spacecraft/New Horizons/NewHorizons.obj	852107	a03ddfd24fef35da3dc8eb6b6035610733205f17bf22db2ac941c18a3017b575	https://gitlab.com/Dexter9313/prograde-data/-/raw/master/solarsystem/systems/Solar%20System/models/New%20Horizons/NewHorizons.obj
models/spacecraft/Parker Solar Probe/LICENSE	162	2b670caae5dd91f59630ad2c789b3661d95bfa63d1312dd5778b8bbdf8d1b387	https://gitlab.com/Dexter9313/prograde-data/-/raw/master/solarsystem/systems/Solar%20System/models/Parker%20Solar%20Probe/LICENSE
models/spacecraft/Parker Solar Probe/ParkerSolarProbe.blend	4035324	0cd6fa4c6efe762f86c68d608cd86afc20fbf77770b0dcd0eb664b6fc6fdfe32	https://gitlab.com/Dexter9313/prograde-data/-/raw/master/solarsystem/systems/Solar%20System/models/Parker%20Solar%20Probe/ParkerSolarProbe.blend
models/spacecraft/Parker Solar Probe/textures/PSP_Diff.png	1493872	84adb7189c22947f03c60cd422228adb9c4d7987fcee4d0d334d3a132bae5abe	https://gitlab.com/Dexter9313/prograde-data/-/raw/master/solarsystem/systems/Solar%20System/models/Parker%20Solar%20Probe/textures/PSP_Diff.png
models/spacecraft/Parker Solar Probe/textures/PSP_Norm.png	228488	062c7da7480f996f38d3428b2c46bb8d4e02f86e82c1c619c52371f5c0de9f03	https://gitlab.com/Dexter9313/prograde-data/-/raw/master/solarsystem/systems/Solar%20System/models/Parker%20Solar%20Probe/textures/PSP_Norm.png
models/spacecraft/Parker Solar Probe/textures/PSP_Power.png	137753	95c748637168632173fab425f84091ac70d2337f9e431ba1ea36334b2c94ee62	https://gitlab.com/Dexter9313/prograde-data/-/raw/master/solarsystem/systems/Solar%20System/models/Parker%20Solar%20Probe/textures/PSP_Power.png
models/spacecraft/Parker Solar Probe/textures/PSP_Spec.png	169075	1067f921bc8366ba8f8bbab83e46d6dd95fc175d548cdc52ba5300f01e18dba2	https://gitlab.com/Dexter9313/prograde-data/-/raw/master/solarsystem/systems/Solar%20System/models/Parker%20Solar%20Probe/textures/PSP_Spec.png
models/spacecraft/Parker Solar Probe/textures/foil_n.png	309641	2ac7f687a8d7c334158a9dc9934fb7be27bd524967eb1cd9a9451204123cee87	https://gitlab.com/Dexter9313/prograde-data/-/raw/master/solarsystem/systems/Solar%20System/models/Parker%20Solar%20Probe/textures/foil_n.png
models/spacecraft/Parker Solar Probe/textures/foil_n_2.png	209522	eae6dfcdab44881a69a5edcab7117e7be5f3d4baf607c1fb14697fdf257df1aa	https://gitlab.com/Dexter9313/prograde-data/-/raw/master/solarsystem/systems/Solar%20System/models/Parker%20Solar%20Probe/textures/foil_n_2.png
models/spacecraft/Parker Solar Probe/textures/foil_silver_ramp.png	3466	567af56afb9b1af16f52db7d95250e297d38d21efefcc8f5e6649555bc05559a	https://gitlab.com/Dexter9313/prograde-data/-/raw/master/solarsystem/systems/Solar%20System/models/Parker%20Solar%20Probe/textures/foil_silver_ramp.png
models/spacecraft/Parker Solar Probe/textures/psp_solar_normals.png	51340	318f6e220f0f8d69c35cb18226fa1a08b05d7965461ad4ebab8a778b519252b4	https://gitlab.com/Dexter9313/prograde-data/-/raw/master/solarsystem/systems/Solar%20System/models/Parker%20Solar%20Probe/textures/psp_solar_normals.png
models/spacecraft/Rosetta/LICENSE	196	fecaa738e80ccaea9f3d3612eeeed2529ef695fd0c75f4fe4b2c6b6034d06deb	https://gitlab.com/Dexter9313/prograde-data/-/raw/master/solarsystem/systems/Solar%20System/models/Rosetta/LICENSE
models/spacecraft/Rosetta/Rosetta.mtl	3613	f78a8b7a21f477bb0948ee9e110f21023b880242887f9900897fd21617be041b	https://gitlab.com/Dexter9313/prograde-data/-/raw/master/solarsystem/systems/Solar%20System/models/Rosetta/Rosetta.mtl
models/spacecraft/Rosetta/Rosetta.obj	1725829	e347b12c996a67e04e3ffea84faa90058c92d4f28a6ab85646d57ca48f3f0201	https://gitlab.com/Dexter9313/prograde-data/-/raw/master/solarsystem/systems/Solar%20System/models/Rosetta/Rosetta.obj
models/spacecraft/Rosetta/texture/dish_AO.png	355181	01d42cf235ca5ea005b025f9cd590a2a17b7bbc6f716dc557060f1401331814f	https://gitlab.com/Dexter9313/prograde-data/-/raw/master/solarsystem/systems/Solar%20System/models/Rosetta/texture/dish_AO.png
models/spacecraft/Rosetta/texture/foil_gold_ramp.png	3627	fb58fcd71c70b6714e2c06e3d0ebc3f5e77b4e4c91b78c807927be0c2d619d26	https://gitlab.com/Dexter9313/prograde-data/-/raw/master/solarsystem/systems/Solar%20System/models/Rosetta/texture/foil_gold_ramp.png
models/spacecraft/Rosetta/texture/foil_n.png	309641	2ac7f687a8d7c334158a9dc9934fb7be27bd524967eb1cd9a9451204123cee87	https://gitlab.com/Dexter9313/prograde-data/-/raw/master/solarsystem/systems/Solar%20System/models/Rosetta/texture/foil_n.png
models/spacecraft/Rosetta/texture/foil_silver_ramp.png	3466	567af56afb9b1af16f52db7d95250e297d38d21efefcc8f5e6649555bc05559a	https://gitlab.com/Dexter9313/prograde-data/-/raw/master/solarsystem/systems/Solar%20System/models/Rosetta/texture/foil_silver_ramp.png
models/spacecraft/Rosetta/texture/parts2_AO.png	629251	77131034ee9d82d5942bd5fdbf180dcc52064ce884588e9a0e963d8791ae3568	https://gitlab.com/Dexter9313/prograde-data/-/raw/master/solarsystem/systems/Solar%20System/models/Rosetta/texture/parts2_AO.png
models/spacecraft/Rosetta/texture/parts3_AO.png	733995	23e3429b410eb71ea57597aed404b020bf8220ff56ba60e2fc5065ad25148715	https://gitlab.com/Dexter9313/prograde-data/-/raw/master/solarsystem/systems/Solar%20System/models/Rosetta/texture/parts3_AO.png
models/spacecraft/Rosetta/texture/parts_AO.png	511841	50728d1cbe3ed8fecd14dfc45cde4a175c772bb56d593c58575587211adc822e	https://gitlab.com/Dexter9313/prograde-data/-/raw/master/solarsystem/systems/Solar%20System/models/Rosetta/texture/parts_AO.png
models/spacecraft/Rosetta/texture/tex_01.png	569493	e61d6d50731530f701e86ced5aa101bff0ab3ebaa1ae24d25700511c2bc8f656	https://gitlab.com/Dexter9313/prograde-data/-/raw/master/solarsystem/systems/Solar%20System/models/Rosetta/texture/tex_01.png
models/spacecraft/Voyager/LICENSE	246	de07950ebdfb6806e1ec16b02d604020b939b7eb092e810bee9311e94d11d99d	https://gitlab.com/Dexter9313/prograde-data/-/raw/master/solarsystem/systems/Solar%20System/models/Voyager/LICENSE
models/spacecraft/Voyager/Voyager_17.blend	2557488	83390175c8af4e9f2a0b592921645a30ba5b459a99d0c8ce3db1c8cc1220c2aa	https://gitlab.com/Dexter9313/prograde-data/-/raw/master/solarsystem/systems/Solar%20System/models/Voyager/Voyager_17.blend
models/spacecraft/Voyager/texture/Voyager_tex_01.png	1012087	11cf317b69603b50f3e55c44bc644aa29d35046cd7957b266c87f50de2e5a726	https://gitlab.com/Dexter9313/prograde-data/-/raw/master/solarsystem/systems/Solar%20System/models/Voyager/texture/Voyager_tex_01.png
models/spacecraft/Voyager/texture/tex_02_AO.png	392021	3db20a2382495c1bfc7443877015283acc4c14c5a7644d755d4e25c51303ae32	https://gitlab.com/Dexter9313/prograde-data/-/raw/master/solarsystem/systems/Solar%20System/models/Voyager/texture/tex_02_AO.png
textures/ariel/LICENSE-diffuse	284	c54978f48fe1ff393af1ff9c52a36f861e42c2e2f06d639960d3322af3231a7f	https://gitlab.com/Dexter9313/prograde-data/-/raw/master/solarsystem/systems/Solar%20System/images/Ariel/LICENSE-diffuse
textures/ariel/LICENSE-normal	284	c54978f48fe1ff393af1ff9c52a36f861e42c2e2f06d639960d3322af3231a7f	https://gitlab.com/Dexter9313/prograde-data/-/raw/master/solarsystem/systems/Solar%20System/images/Ariel/LICENSE-normal
textures/ariel/diffuse.jpg	1528606	83051d7204c87d7860884cd6a9bd067e7201358440c99f11c6d49a91b6ac129f	https://gitlab.com/Dexter9313/prograde-data/-/raw/master/solarsystem/systems/Solar%20System/images/Ariel/diffuse.jpg
textures/ariel/normal.png	44811128	ad81192546f7cc9ab53b61b5eaa055b0f62430bc746d6a69649beaa0f23cdce7	https://gitlab.com/Dexter9313/prograde-data/-/raw/master/solarsystem/systems/Solar%20System/images/Ariel/normal.png
textures/callisto/LICENSE-diffuse	167	38804c6e52213b089546a05bb8773921acfa923132b1f0b6e725dcea1ff41927	https://gitlab.com/Dexter9313/prograde-data/-/raw/master/solarsystem/systems/Solar%20System/images/Callisto/LICENSE-diffuse
textures/callisto/LICENSE-normal	167	38804c6e52213b089546a05bb8773921acfa923132b1f0b6e725dcea1ff41927	https://gitlab.com/Dexter9313/prograde-data/-/raw/master/solarsystem/systems/Solar%20System/images/Callisto/LICENSE-normal
textures/callisto/diffuse.jpg	14125227	71377a4ffa0de14d25eee4152caf4fa4a8c2b31023ffb9c62a63e548b1e0be3f	https://gitlab.com/Dexter9313/prograde-data/-/raw/master/solarsystem/systems/Solar%20System/images/Callisto/diffuse.jpg
textures/callisto/normal.jpg	8302904	2e08882c801254dcfb89d84ee5e504880d6c730d186bf4689585df6ef0ed2e5d	https://gitlab.com/Dexter9313/prograde-data/-/raw/master/solarsystem/systems/Solar%20System/images/Callisto/normal.jpg
textures/ceres/LICENSE-diffuse	483	22295f25002c18a1076fce906e496b22ed7985c039a4e8447243bc59a9d7a87a	https://gitlab.com/Dexter9313/prograde-data/-/raw/master/solarsystem/systems/Solar%20System/images/Ceres/LICENSE-diffuse
textures/ceres/LICENSE-normal	309	a8a7f3716a8d69875707b241f502cc27b73021e4106f81dbdfceb9a59c9ac504	https://gitlab.com/Dexter9313/prograde-data/-/raw/master/solarsystem/systems/Solar%20System/images/Ceres/LICENSE-normal
textures/ceres/diffuse.jpg	15170284	8b80510cbdb0d5ffbc11d2a3dadf3b7b809e57de423fa1d0c79c0fe91d28b455	https://gitlab.com/Dexter9313/prograde-data/-/raw/master/solarsystem/systems/Solar%20System/images/Ceres/diffuse.jpg
textures/ceres/normal.jpg	21493466	6bb2260cca891070cb81772aa671a1fe17a023540d58309e2a9f109f74206658	https://gitlab.com/Dexter9313/prograde-data/-/raw/master/solarsystem/systems/Solar%20System/images/Ceres/normal.jpg
textures/charon/LICENSE-diffuse	125	39a59257780d5da67b9dc4ca31d5bb21dab63fc21fd5ead36f5f06536a0410d1	https://gitlab.com/Dexter9313/prograde-data/-/raw/master/solarsystem/systems/Solar%20System/images/Charon/LICENSE-diffuse
textures/charon/LICENSE-normal	207	38030a844c23b672a0616f883442ea30094bda7433e17ff6efb395ee199f669c	https://gitlab.com/Dexter9313/prograde-data/-/raw/master/solarsystem/systems/Solar%20System/images/Charon/LICENSE-normal
textures/charon/diffuse.png	10847729	e39ddcdd4580df8fbc8967e8146d12db5d6fccd5095dca58d4f096c732b0b18e	https://gitlab.com/Dexter9313/prograde-data/-/raw/master/solarsystem/systems/Solar%20System/images/Charon/diffuse.png
textures/charon/normal.png	15117020	a151b2351b1b26e67c7544d374b5d4b25b53dd997012979ef279157858c6ce59	https://gitlab.com/Dexter9313/prograde-data/-/raw/master/solarsystem/systems/Solar%20System/images/Charon/normal.png
textures/deimos/LICENSE-diffuse	115	dfd3a78102db55157d8fccfd883bd61635931cce2af691d0e798bf07ff43a949	https://gitlab.com/Dexter9313/prograde-data/-/raw/master/solarsystem/systems/Solar%20System/images/Deimos/LICENSE-diffuse
textures/deimos/LICENSE-normal	267	7004d627db1f97448180237b4e6f594091cb0f46f16c64e897d945b856bf8854	https://gitlab.com/Dexter9313/prograde-data/-/raw/master/solarsystem/systems/Solar%20System/images/Deimos/LICENSE-normal
textures/deimos/diffuse.png	8862495	49022f5eb70b8d9746eea4409cbe1c0c66cbd5452d8ce9de4f26fd086a148c1c	https://gitlab.com/Dexter9313/prograde-data/-/raw/master/solarsystem/systems/Solar%20System/images/Deimos/diffuse.png
textures/deimos/normal.png	5693723	44afa8990c38ae81bfb1d35574474ca8ecfcdda9bbb762fa0a05dc89dd05b578	https://gitlab.com/Dexter9313/prograde-data/-/raw/master/solarsystem/systems/Solar%20System/images/Deimos/normal.png
textures/dione/LICENSE-diffuse	205	22b5c6441f71a296b5cee1e9de1602e478e38f0008a989c7962a53a80452c5cf	https://gitlab.com/Dexter9313/prograde-data/-/raw/master/solarsystem/systems/Solar%20System/images/Dione/LICENSE-diffuse
textures/dione/LICENSE-normal	270	4c3958c585b9619e6b900d7e0faf93ee028081baea27abe222b8815ed487092b	https://gitlab.com/Dexter9313/prograde-data/-/raw/master/solarsystem/systems/Solar%20System/images/Dione/LICENSE-normal
textures/dione/diffuse.jpg	4762355	893413f7850dd57c1349b05775b629ebab86caca8f4ce6b556708f17d9ba7754	https://gitlab.com/Dexter9313/prograde-data/-/raw/master/solarsystem/systems/Solar%20System/images/Dione/diffuse.jpg
textures/dione/normal.png	15312474	2d2607272f8012318ac7caec8beb32082dd48ded53091f9ad51cf58d9059998b	https://gitlab.com/Dexter9313/prograde-data/-/raw/master/solarsystem/systems/Solar%20System/images/Dione/normal.png
textures/earth/LICENSE-clouds	107	f95c7981a76d5f70d20dbb08c68121ab445eaad51bdb97daaef70aef807d592f	https://gitlab.com/Dexter9313/prograde-data/-/raw/master/solarsystem/systems/Solar%20System/images/Earth/LICENSE-clouds
textures/earth/LICENSE-diffuse	107	f95c7981a76d5f70d20dbb08c68121ab445eaad51bdb97daaef70aef807d592f	https://gitlab.com/Dexter9313/prograde-data/-/raw/master/solarsystem/systems/Solar%20System/images/Earth/LICENSE-diffuse
textures/earth/LICENSE-night	107	f95c7981a76d5f70d20dbb08c68121ab445eaad51bdb97daaef70aef807d592f	https://gitlab.com/Dexter9313/prograde-data/-/raw/master/solarsystem/systems/Solar%20System/images/Earth/LICENSE-night
textures/earth/LICENSE-normal	109	ccc97404020794a437e0b7b7c85566879fa7824b5e3c3df4b34907bdbc058942	https://gitlab.com/Dexter9313/prograde-data/-/raw/master/solarsystem/systems/Solar%20System/images/Earth/LICENSE-normal
textures/earth/LICENSE-specular	107	f95c7981a76d5f70d20dbb08c68121ab445eaad51bdb97daaef70aef807d592f	https://gitlab.com/Dexter9313/prograde-data/-/raw/master/solarsystem/systems/Solar%20System/images/Earth/LICENSE-specular
textures/earth/clouds.jpg	44886908	adb20993478cc9ec7166174516a94389434be8776289c9161b217939e8218b20	https://gitlab.com/Dexter9313/prograde-data/-/raw/master/solarsystem/systems/Solar%20System/images/Earth/clouds.jpg
textures/earth/diffuse.jpg	35060309	4518e965ef3456cbdbb9dd153791eb12630cdb7b03b13b36de97b94b567d9eb4	https://gitlab.com/Dexter9313/prograde-data/-/raw/master/solarsystem/systems/Solar%20System/images/Earth/diffuse.jpg
textures/earth/night.jpg	11110492	3944617b8a7b8d5ea64e7488ece040fcbece259407c5b3c38536858942d430f8	https://gitlab.com/Dexter9313/prograde-data/-/raw/master/solarsystem/systems/Solar%20System/images/Earth/night.jpg
textures/earth/normal.jpg	4577067	ef2c1f1940e75da347f881e1078dc08a013a5d11b114e7e34b852cb4e4ecf26b	https://gitlab.com/Dexter9313/prograde-data/-/raw/master/solarsystem/systems/Solar%20System/images/Earth/normal.jpg
textures/earth/specular.jpg	11114768	0c92249c4cad52be56e603e426b23f5a4ffa939f4224969ed133369354693460	https://gitlab.com/Dexter9313/prograde-data/-/raw/master/solarsystem/systems/Solar%20System/images/Earth/specular.jpg
textures/enceladus/LICENSE-diffuse	212	2ac1d714835f848e0abaf8b7a1bc0b0d570f9a61235f6fd0473177312edd15e9	https://gitlab.com/Dexter9313/prograde-data/-/raw/master/solarsystem/systems/Solar%20System/images/Enceladus/LICENSE-diffuse
textures/enceladus/LICENSE-normal	278	abe5759dd78fc6bbb2ee5f8a5fb460b92173fa82ab5fb15d3d51e21305366b2f	https://gitlab.com/Dexter9313/prograde-data/-/raw/master/solarsystem/systems/Solar%20System/images/Enceladus/LICENSE-normal
textures/enceladus/diffuse.jpg	4069459	cedb0f7599065694198bb342b443a88ca0c3b2478f65618ecbc9805e260637c9	https://gitlab.com/Dexter9313/prograde-data/-/raw/master/solarsystem/systems/Solar%20System/images/Enceladus/diffuse.jpg
textures/enceladus/normal.jpg	3485696	446eaf24e4423953da82f4bc6d302aafa79e1c2aadfacd43f0f19f577e188d0b	https://gitlab.com/Dexter9313/prograde-data/-/raw/master/solarsystem/systems/Solar%20System/images/Enceladus/normal.jpg
textures/eris/LICENSE-diffuse	157	a5cbff11276b74573a5bec2cf865eb93663425743d9837fa5032e0693b24d1b5	https://gitlab.com/Dexter9313/prograde-data/-/raw/master/solarsystem/systems/Solar%20System/images/Eris/LICENSE-diffuse
textures/eris/LICENSE-normal	157	a5cbff11276b74573a5bec2cf865eb93663425743d9837fa5032e0693b24d1b5	https://gitlab.com/Dexter9313/prograde-data/-/raw/master/solarsystem/systems/Solar%20System/images/Eris/LICENSE-normal
textures/eris/diffuse.jpg	758158	f142b5142dc873e880fbab879368f60e733d4e8745a66e4f74827077d04a12fe	https://gitlab.com/Dexter9313/prograde-data/-/raw/master/solarsystem/systems/Solar%20System/images/Eris/diffuse.jpg
textures/eris/normal.jpg	1544192	2468b4ad1546033e59286c861c6987729b6ec82a584521953f12f7456408828f	https://gitlab.com/Dexter9313/prograde-data/-/raw/master/solarsystem/systems/Solar%20System/images/Eris/normal.jpg
textures/europa/LICENSE-diffuse	238	9ab78eb510ded766b264c2a5809e072ffc804d266fb7935b1b95c8ea2cbfafc7	https://gitlab.com/Dexter9313/prograde-data/-/raw/master/solarsystem/systems/Solar%20System/images/Europa/LICENSE-diffuse
textures/europa/LICENSE-normal	167	38804c6e52213b089546a05bb8773921acfa923132b1f0b6e725dcea1ff41927	https://gitlab.com/Dexter9313/prograde-data/-/raw/master/solarsystem/systems/Solar%20System/images/Europa/LICENSE-normal
textures/europa/diffuse.jpg	63798658	21fdbe57b370d3bca1c8f828b2c20a101ffdd9fc3b7d826faf4d107f483a6d47	https://gitlab.com/Dexter9313/prograde-data/-/raw/master/solarsystem/systems/Solar%20System/images/Europa/diffuse.jpg
textures/europa/normal.jpg	21094418	6ee3cbc12d3234dc6b55d148713d714a389d8e9cc4b86f40f375b3a64c521936	https://gitlab.com/Dexter9313/prograde-data/-/raw/master/solarsystem/systems/Solar%20System/images/Europa/normal.jpg
textures/ganymede/LICENSE-diffuse	139	150f91b4549158761ae115e99bf480350f6bc51ae423373816c9406c88dbf535	https://gitlab.com/Dexter9313/prograde-data/-/raw/master/solarsystem/systems/Solar%20System/images/Ganymede/LICENSE-diffuse
textures/ganymede/LICENSE-normal	167	38804c6e52213b089546a05bb8773921acfa923132b1f0b6e725dcea1ff41927	https://gitlab.com/Dexter9313/prograde-data/-/raw/master/solarsystem/systems/Solar%20System/images/Ganymede/LICENSE-normal
textures/ganymede/diffuse.png	27241266	c4304cb5c1cbb504f07730ebdd64bb32b0bbb4c7e919e4d473672ed7275c0964	https://gitlab.com/Dexter9313/prograde-data/-/raw/master/solarsystem/systems/Solar%20System/images/Ganymede/diffuse.png
textures/ganymede/normal.jpg	30504797	965bfdd1e0d9f1720a74855f6f921925b2936a31fb8cdb2807b6908a159e00db	https://gitlab.com/Dexter9313/prograde-data/-/raw/master/solarsystem/systems/Solar%20System/images/Ganymede/normal.jpg
textures/haumea/LICENSE-diffuse	168	8fab1700cd229b84ebbde135c3c96c583d54c843240f89b6fe605ebc0ffc8ae6	https://gitlab.com/Dexter9313/prograde-data/-/raw/master/solarsystem/systems/Solar%20System/images/Haumea/LICENSE-diffuse
textures/haumea/LICENSE-normal	250	b712a4f518161d321f858412cf44f2a11d1a0bbe08f12fbee836959a0f1019ff	https://gitlab.com/Dexter9313/prograde-data/-/raw/master/solarsystem/systems/Solar%20System/images/Haumea/LICENSE-normal
textures/haumea/diffuse.png	2720453	19ba7bbce72a67554aef912a86af4b45f3d26061469775832b3d71b432c3c5a7	https://gitlab.com/Dexter9313/prograde-data/-/raw/master/solarsystem/systems/Solar%20System/images/Haumea/diffuse.png
textures/haumea/normal.png	5080335	aff51932b1872ab29e6757c2f657d57485ff1962aee4adf696cedbf3fadb7bc8	https://gitlab.com/Dexter9313/prograde-data/-/raw/master/solarsystem/systems/Solar%20System/images/Haumea/normal.png
textures/hyperion/LICENSE-diffuse	120	2a008aaf9ba877338eda8e82b4eb507ad352014e42674c8e6abd0a27b107e5fb	https://gitlab.com/Dexter9313/prograde-data/-/raw/master/solarsystem/systems/Solar%20System/images/Hyperion/LICENSE-diffuse
textures/hyperion/diffuse.png	4019359	a74913a0730e76746acd2632756eaa9d11768374b5c35e4eb6cc7a7a4889bd29	https://gitlab.com/Dexter9313/prograde-data/-/raw/master/solarsystem/systems/Solar%20System/images/Hyperion/diffuse.png
textures/iapetus/LICENSE-diffuse	169	2d717071168862b375a2d1ac140d340ff964bfcdcae19d48fad89c8ea5177b35	https://gitlab.com/Dexter9313/prograde-data/-/raw/master/solarsystem/systems/Solar%20System/images/Iapetus/LICENSE-diffuse
textures/iapetus/LICENSE-normal	203	dfc56b9a410b92160afc29f30372f8a1b970fdbd008123257706510cbea2d3c7	https://gitlab.com/Dexter9313/prograde-data/-/raw/master/solarsystem/systems/Solar%20System/images/Iapetus/LICENSE-normal
textures/iapetus/diffuse.jpg	119842	595133f9a5ef8f5403c2e9b6ad1ac3c36c07a45853f0ad58b71bc0bdfac7326f	https://gitlab.com/Dexter9313/prograde-data/-/raw/master/solarsystem/systems/Solar%20System/images/Iapetus/diffuse.jpg
textures/iapetus/iapetus_elevation_map_by_oleg_pluton_dciddid.png	31352904	fd36c79c7790126e5f44cd432ef2007d3621b07b893b42a679942d9444b150b1	https://gitlab.com/Dexter9313/prograde-data/-/raw/master/solarsystem/systems/Solar%20System/images/Iapetus/iapetus_elevation_map_by_oleg_pluton_dciddid.png
textures/iapetus/normal.png	24849229	926966d430f16448b01647c98eb2f223d57eef5894d341d3efb7052219345347	https://gitlab.com/Dexter9313/prograde-data/-/raw/master/solarsystem/systems/Solar%20System/images/Iapetus/normal.png
textures/io/LICENSE-diffuse	254	236e5481f9725f75f6e755c1ecc70e9919f7f883bda478349b655245fa8e65aa	https://gitlab.com/Dexter9313/prograde-data/-/raw/master/solarsystem/systems/Solar%20System/images/Io/LICENSE-diffuse
textures/io/LICENSE-normal	125	e963e57f1ddb54ef2560f96f24f9b3fe637724d0776c2ab929e5514fe57651a3	https://gitlab.com/Dexter9313/prograde-data/-/raw/master/solarsystem/systems/Solar%20System/images/Io/LICENSE-normal
textures/io/diffuse.png	32301184	c8b0f3b7b04ef6019ef81bf5f5a1d7c28ca173d57f42f16a981a808035c0af09	https://gitlab.com/Dexter9313/prograde-data/-/raw/master/solarsystem/systems/Solar%20System/images/Io/diffuse.png
textures/io/normal.png	15216383	8476041db5f11cb25fda9f77926f4b50fee4f17519cce91e0418f3d18a811bf0	https://gitlab.com/Dexter9313/prograde-data/-/raw/master/solarsystem/systems/Solar%20System/images/Io/normal.png
textures/juno/LICENSE-diffuse	157	a5cbff11276b74573a5bec2cf865eb93663425743d9837fa5032e0693b24d1b5	https://gitlab.com/Dexter9313/prograde-data/-/raw/master/solarsystem/systems/Solar%20System/images/Juno/LICENSE-diffuse
textures/juno/LICENSE-normal	157	a5cbff11276b74573a5bec2cf865eb93663425743d9837fa5032e0693b24d1b5	https://gitlab.com/Dexter9313/prograde-data/-/raw/master/solarsystem/systems/Solar%20System/images/Juno/LICENSE-normal
textures/juno/diffuse.jpg	300210	b9144fe6cf6bd85e685b32b78555b421d6d47fdd87e813b030492a547f446237	https://gitlab.com/Dexter9313/prograde-data/-/raw/master/solarsystem/systems/Solar%20System/images/Juno/diffuse.jpg
textures/juno/normal.jpg	311430	ecc847ce3d3c34774b33f6f6486d88e00e91c4d975c506f6322d769352f002cd	https://gitlab.com/Dexter9313/prograde-data/-/raw/master/solarsystem/systems/Solar%20System/images/Juno/normal.jpg
textures/jupiter/LICENSE-diffuse	183	c8be2621ce31d2af0f8785a89e840de9abe5e414bd51df6b5f14394fe9641c52	https://gitlab.com/Dexter9313/prograde-data/-/raw/master/solarsystem/systems/Solar%20System/images/Jupiter/LICENSE-diffuse
textures/jupiter/diffuse.png	99552458	76908726a37d46db5bcc7620b2fef688f44b6e15784773215d4e72cee37c2dc6	https://gitlab.com/Dexter9313/prograde-data/-/raw/master/solarsystem/systems/Solar%20System/images/Jupiter/diffuse.png
textures/makemake/LICENSE-diffuse	168	8fab1700cd229b84ebbde135c3c96c583d54c843240f89b6fe605ebc0ffc8ae6	https://gitlab.com/Dexter9313/prograde-data/-/raw/master/solarsystem/systems/Solar%20System/images/Makemake/LICENSE-diffuse
textures/makemake/LICENSE-normal	250	b712a4f518161d321f858412cf44f2a11d1a0bbe08f12fbee836959a0f1019ff	https://gitlab.com/Dexter9313/prograde-data/-/raw/master/solarsystem/systems/Solar%20System/images/Makemake/LICENSE-normal
textures/makemake/diffuse.png	627943	6e63a9bda712523126c381ccb298b7b0fd0230d510e562aa01ea6c6a9e92d745	https://gitlab.com/Dexter9313/prograde-data/-/raw/master/solarsystem/systems/Solar%20System/images/Makemake/diffuse.png
textures/makemake/normal.png	1385352	edfa6b3223c728cd849dd0d6752c25ee359981e8cc08ace48d22b73e9e516f65	https://gitlab.com/Dexter9313/prograde-data/-/raw/master/solarsystem/systems/Solar%20System/images/Makemake/normal.png
textures/mars/LICENSE-diffuse	154	5c3f6cd613763caeb3c8d7a871d080bd1cd511fc4fc8f590082dd14daff5e0b5	https://gitlab.com/Dexter9313/prograde-data/-/raw/master/solarsystem/systems/Solar%20System/images/Mars/LICENSE-diffuse
textures/mars/LICENSE-normal	154	5c3f6cd613763caeb3c8d7a871d080bd1cd511fc4fc8f590082dd14daff5e0b5	https://gitlab.com/Dexter9313/prograde-data/-/raw/master/solarsystem/systems/Solar%20System/images/Mars/LICENSE-normal
textures/mars/diffuse.png	48470986	cd49dc683b2d5a08369dbad52483af9bc2c04c60e25254362a140f65a233a1c5	https://gitlab.com/Dexter9313/prograde-data/-/raw/master/solarsystem/systems/Solar%20System/images/Mars/diffuse.png
textures/mars/normal.png	5515194	22824a334456df1e837dd641e404d2d8a4f4dd1d22058552614569247c368e62	https://gitlab.com/Dexter9313/prograde-data/-/raw/master/solarsystem/systems/Solar%20System/images/Mars/normal.png
textures/mercury/LICENSE-diffuse	244	1763cbb536c8692824f879eec34b1afa5fd15d05ca3bb448d17b76a768708d8a	https://gitlab.com/Dexter9313/prograde-data/-/raw/master/solarsystem/systems/Solar%20System/images/Mercury/LICENSE-diffuse
textures/mercury/LICENSE-normal	240	4132311226fd8a4042142bb82bc1bbadbd23c2b2f757bf124c42c36e3b34a29a	https://gitlab.com/Dexter9313/prograde-data/-/raw/master/solarsystem/systems/Solar%20System/images/Mercury/LICENSE-normal
textures/mercury/diffuse.jpg	30736147	8bf815b125ea70d7a5e12c56e18cd601b2004d98b2d41962be79955b9f3e6085	https://gitlab.com/Dexter9313/prograde-data/-/raw/master/solarsystem/systems/Solar%20System/images/Mercury/diffuse.jpg
textures/mercury/normal.png	30043853	be7c7da50b25a5133c7550b1435db48a13034c7844bd2fbf7f2a1842629acb41	https://gitlab.com/Dexter9313/prograde-data/-/raw/master/solarsystem/systems/Solar%20System/images/Mercury/normal.png
textures/mimas/LICENSE-diffuse	124	ff5a6cdc11da81add22da726af0a13cc35dbc715a0c63baf1f206324c2fda361	https://gitlab.com/Dexter9313/prograde-data/-/raw/master/solarsystem/systems/Solar%20System/images/Mimas/LICENSE-diffuse
textures/mimas/LICENSE-normal	227	6062fb33be2b58838fc3483233aebbb1a4d3617bde24bdb5f0d3913238fb34c7	https://gitlab.com/Dexter9313/prograde-data/-/raw/master/solarsystem/systems/Solar%20System/images/Mimas/LICENSE-normal
textures/mimas/diffuse.png	20364343	435fee572d692173d8e6a0315aa06d94cb9c1dcee99de46075121d1ac00ccbd6	https://gitlab.com/Dexter9313/prograde-data/-/raw/master/solarsystem/systems/Solar%20System/images/Mimas/diffuse.png
textures/mimas/normal.png	1451574	95fae30f6954154e9655d41b8639cd633f1ca73df5d333acbefde907d2431d8e	https://gitlab.com/Dexter9313/prograde-data/-/raw/master/solarsystem/systems/Solar%20System/images/Mimas/normal.png
textures/miranda/LICENSE-diffuse	284	c54978f48fe1ff393af1ff9c52a36f861e42c2e2f06d639960d3322af3231a7f	https://gitlab.com/Dexter9313/prograde-data/-/raw/master/solarsystem/systems/Solar%20System/images/Miranda/LICENSE-diffuse
textures/miranda/LICENSE-normal	288	c08ae34094f7065c94561318bde19c26f28131a8ec0496e1c016d42d324b07ce	https://gitlab.com/Dexter9313/prograde-data/-/raw/master/solarsystem/systems/Solar%20System/images/Miranda/LICENSE-normal
textures/miranda/diffuse.jpg	413807	c92fd3bd45638a368f15c2275a3963e0e4770115d079fca172dcd5c667a94da3	https://gitlab.com/Dexter9313/prograde-data/-/raw/master/solarsystem/systems/Solar%20System/images/Miranda/diffuse.jpg
textures/miranda/normal.png	15925869	a5b0e413f9b00d580658d9d39382af7ce9340e49f2968f96c1d776452e52863b	https://gitlab.com/Dexter9313/prograde-data/-/raw/master/solarsystem/systems/Solar%20System/images/Miranda/normal.png
textures/moon/LICENSE-diffuse	178	38a5aed4461b776d5e2e37d00509f9e9e3b9330e72779d48d733aefbe6ef9966	https://gitlab.com/Dexter9313/prograde-data/-/raw/master/solarsystem/systems/Solar%20System/images/Moon/LICENSE-diffuse
textures/moon/LICENSE-normal	178	38a5aed4461b776d5e2e37d00509f9e9e3b9330e72779d48d733aefbe6ef9966	https://gitlab.com/Dexter9313/prograde-data/-/raw/master/solarsystem/systems/Solar%20System/images/Moon/LICENSE-normal
textures/moon/diffuse.jpg	57019689	1ca7f41bbe5e4955bceb20acf2e9819d460af1e347d4b1af2fd0bda4b4d10255	https://gitlab.com/Dexter9313/prograde-data/-/raw/master/solarsystem/systems/Solar%20System/images/Moon/diffuse.jpg
textures/moon/normal.jpg	14631381	7b851f4706cc2f729250a5d3313546db239e6a195eeb35e2cbf487e1bb560edf	https://gitlab.com/Dexter9313/prograde-data/-/raw/master/solarsystem/systems/Solar%20System/images/Moon/normal.jpg
textures/neptune/LICENSE-diffuse	230	6751b9f2ba99ec58b639a7c092011a2d805358c720eea6a497691ad22315ee79	https://gitlab.com/Dexter9313/prograde-data/-/raw/master/solarsystem/systems/Solar%20System/images/Neptune/LICENSE-diffuse
textures/neptune/diffuse.jpg	85857	08ac7386835c5166372de058f4316ceb2f69866d347e53672d26b905d647a7e5	https://gitlab.com/Dexter9313/prograde-data/-/raw/master/solarsystem/systems/Solar%20System/images/Neptune/diffuse.jpg
textures/oberon/LICENSE-diffuse	284	c54978f48fe1ff393af1ff9c52a36f861e42c2e2f06d639960d3322af3231a7f	https://gitlab.com/Dexter9313/prograde-data/-/raw/master/solarsystem/systems/Solar%20System/images/Oberon/LICENSE-diffuse
textures/oberon/LICENSE-normal	284	c54978f48fe1ff393af1ff9c52a36f861e42c2e2f06d639960d3322af3231a7f	https://gitlab.com/Dexter9313/prograde-data/-/raw/master/solarsystem/systems/Solar%20System/images/Oberon/LICENSE-normal
textures/oberon/diffuse.jpg	4199397	3555161e397c739540126ca0e58711b13d5617071f57865e710fa7d95c60c954	https://gitlab.com/Dexter9313/prograde-data/-/raw/master/solarsystem/systems/Solar%20System/images/Oberon/diffuse.jpg
textures/oberon/normal.png	52140601	41cc8f042fabfd4e3fa2566e257f641b067d76a4f9f57b064d147cb8849e523f	https://gitlab.com/Dexter9313/prograde-data/-/raw/master/solarsystem/systems/Solar%20System/images/Oberon/normal.png
textures/pallas/LICENSE-diffuse	157	a5cbff11276b74573a5bec2cf865eb93663425743d9837fa5032e0693b24d1b5	https://gitlab.com/Dexter9313/prograde-data/-/raw/master/solarsystem/systems/Solar%20System/images/Pallas/LICENSE-diffuse
textures/pallas/LICENSE-normal	157	a5cbff11276b74573a5bec2cf865eb93663425743d9837fa5032e0693b24d1b5	https://gitlab.com/Dexter9313/prograde-data/-/raw/master/solarsystem/systems/Solar%20System/images/Pallas/LICENSE-normal
textures/pallas/diffuse.jpg	282411	0af127ba8f94f35e8f11b3af953dd4284a50df9e70312abf1faf577883f08127	https://gitlab.com/Dexter9313/prograde-data/-/raw/master/solarsystem/systems/Solar%20System/images/Pallas/diffuse.jpg
textures/pallas/normal.jpg	331677	14988fdd199453b41f4842ee2ec25e681e9a16fb921d35a8431b8319eb72b8ce	https://gitlab.com/Dexter9313/prograde-data/-/raw/master/solarsystem/systems/Solar%20System/images/Pallas/normal.jpg
textures/phobos/LICENSE-diffuse	228	425e96564773ce764e76cda21e6f26bca66aed837f9a5d7cd7956cb16c95f260	https://gitlab.com/Dexter9313/prograde-data/-/raw/master/solarsystem/systems/Solar%20System/images/Phobos/LICENSE-diffuse
textures/phobos/LICENSE-normal	201	a0392d9fe44d24ce708ef887312543c858e666f70f2bfe66014d1cff580c2d56	https://gitlab.com/Dexter9313/prograde-data/-/raw/master/solarsystem/systems/Solar%20System/images/Phobos/LICENSE-normal
textures/phobos/diffuse.png	8902544	ce961aa806317d64732d7c44f6769853c8154889c64bf9502d0ff3cc912114bd	https://gitlab.com/Dexter9313/prograde-data/-/raw/master/solarsystem/systems/Solar%20System/images/Phobos/diffuse.png
textures/phobos/normal.png	1829443	9240f734e39316a40e4cd6a4eb93059b19adc900379675a9ea41e049ca1162cb	https://gitlab.com/Dexter9313/prograde-data/-/raw/master/solarsystem/systems/Solar%20System/images/Phobos/normal.png
textures/pluto/LICENSE-diffuse	196	e8d9428f6e467d4e54a6ad565edf46b641c9195e44cf9cd9e668f72f57139b1d	https://gitlab.com/Dexter9313/prograde-data/-/raw/master/solarsystem/systems/Solar%20System/images/Pluto/LICENSE-diffuse
textures/pluto/LICENSE-normal	278	58caa53aa13b60dd3a3509e0d06ed4b9d844c4780d9583d41dafa5ec860ecbc2	https://gitlab.com/Dexter9313/prograde-data/-/raw/master/solarsystem/systems/Solar%20System/images/Pluto/LICENSE-normal
textures/pluto/diffuse.jpg	1672586	e54b150ac7a5c68d38c6e7921c04e3564ac77ba7833a9db09e0c018531d1557a	https://gitlab.com/Dexter9313/prograde-data/-/raw/master/solarsystem/systems/Solar%20System/images/Pluto/diffuse.jpg
textures/pluto/normal.jpg	4154991	a5dac459a2b68949623cec1e1103191e9c6bec7fa7c520c2151df67ccb165ce4	https://gitlab.com/Dexter9313/prograde-data/-/raw/master/solarsystem/systems/Solar%20System/images/Pluto/normal.jpg
textures/rhea/LICENSE-diffuse	182	6b885a2f991c92a3367311691db61556e12f3217cbaefffac6cfc5308eb330c5	https://gitlab.com/Dexter9313/prograde-data/-/raw/master/solarsystem/systems/Solar%20System/images/Rhea/LICENSE-diffuse
textures/rhea/LICENSE-normal	268	87c06a7d1700955a07980ee544cb4b43b64801761f4fc9408beed21345a31cd3	https://gitlab.com/Dexter9313/prograde-data/-/raw/master/solarsystem/systems/Solar%20System/images/Rhea/LICENSE-normal
textures/rhea/diffuse.jpg	6193914	c8b7aee0c59ae58112879f234d205d689537ab24fcf5f09144240f2a42b27c2a	https://gitlab.com/Dexter9313/prograde-data/-/raw/master/solarsystem/systems/Solar%20System/images/Rhea/diffuse.jpg
textures/rhea/normal.png	35242066	bf0e0edbefb1ccebbf0bcdcd01c30c492f573f4ca3e1465f9258b1b05e1853ac	https://gitlab.com/Dexter9313/prograde-data/-/raw/master/solarsystem/systems/Solar%20System/images/Rhea/normal.png
textures/saturn/LICENSE-diffuse	238	6a261656de51cbdb6ab689c07e1b06681eb5881a1b223a54325214d3ff8fed49	https://gitlab.com/Dexter9313/prograde-data/-/raw/master/solarsystem/systems/Solar%20System/images/Saturn/LICENSE-diffuse
textures/saturn/LICENSE-rings	119	c3e09629fb6902e9eb357d9e7ea84b00d61a25fd266a076d6c9003f516395530	https://gitlab.com/Dexter9313/prograde-data/-/raw/master/solarsystem/systems/Solar%20System/images/Saturn/LICENSE-rings
textures/saturn/diffuse.png	1605108	a9ba5fbf71be3c097c80106f5b8d86e7a700f037d332ed375f2b3cf99adf8eef	https://gitlab.com/Dexter9313/prograde-data/-/raw/master/solarsystem/systems/Solar%20System/images/Saturn/diffuse.png
textures/saturn/rings.png	47740	2d8e21cd311ad9230b35a7606f830622dcca22128bb916064775c4525459fb8e	https://gitlab.com/Dexter9313/prograde-data/-/raw/master/solarsystem/systems/Solar%20System/images/Saturn/rings.png
textures/tethys/LICENSE-diffuse	246	4f9ee51823bf99be0d445b680ecf945997c521880e5b35222da500b4e2f05fc0	https://gitlab.com/Dexter9313/prograde-data/-/raw/master/solarsystem/systems/Solar%20System/images/Tethys/LICENSE-diffuse
textures/tethys/LICENSE-normal	296	8164ee008f296767b183a9c45d4a81273a0f730185a378b7ea4ade75eb1a50df	https://gitlab.com/Dexter9313/prograde-data/-/raw/master/solarsystem/systems/Solar%20System/images/Tethys/LICENSE-normal
textures/tethys/diffuse.png	33155882	02ae87fd9cde3b81edbfef130501a2a2edcb6171fc86cdc6659c7f1511b952bc	https://gitlab.com/Dexter9313/prograde-data/-/raw/master/solarsystem/systems/Solar%20System/images/Tethys/diffuse.png
textures/tethys/normal.png	15917862	14c7c1520223ab842fe4f12a65f0dab8ffafc11aa068b23a99ac925f7076348f	https://gitlab.com/Dexter9313/prograde-data/-/raw/master/solarsystem/systems/Solar%20System/images/Tethys/normal.png
textures/titan/LICENSE-diffuse	127	a64181a5131cdd1bf18bbc042749ac72769129dc292b0b3bcf2e9250aded7c4b	https://gitlab.com/Dexter9313/prograde-data/-/raw/master/solarsystem/systems/Solar%20System/images/Titan/LICENSE-diffuse
textures/titan/diffuse.jpg	35783	42e3a2c15d60a9b8d858fd30bc1507ec5f405956475a55319b5f6a2c067fc413	https://gitlab.com/Dexter9313/prograde-data/-/raw/master/solarsystem/systems/Solar%20System/images/Titan/diffuse.jpg
textures/titania/LICENSE-diffuse	284	c54978f48fe1ff393af1ff9c52a36f861e42c2e2f06d639960d3322af3231a7f	https://gitlab.com/Dexter9313/prograde-data/-/raw/master/solarsystem/systems/Solar%20System/images/Titania/LICENSE-diffuse
textures/titania/LICENSE-normal	282	34b3e4dffa97c4256bc4aad92f2c78c7f0a03f886ed3594700e31e0f58ce3ee2	https://gitlab.com/Dexter9313/prograde-data/-/raw/master/solarsystem/systems/Solar%20System/images/Titania/LICENSE-normal
textures/titania/diffuse.jpg	1851030	e9efcb7830ee67f43319595da46e7e8ba4823fc74344e0e4a010a96a867f39a0	https://gitlab.com/Dexter9313/prograde-data/-/raw/master/solarsystem/systems/Solar%20System/images/Titania/diffuse.jpg
textures/titania/normal.png	18493063	662151d30819c78b412ffefbdd1b40245c6cb8fb8d2ad5eab9d49bb22447a693	https://gitlab.com/Dexter9313/prograde-data/-/raw/master/solarsystem/systems/Solar%20System/images/Titania/normal.png
textures/triton/LICENSE-diffuse	91	c8da35a29836b20e1578acbcdc7cb8a17499e0b0b5a069926147b4ec34180cab	https://gitlab.com/Dexter9313/prograde-data/-/raw/master/solarsystem/systems/Solar%20System/images/Triton/LICENSE-diffuse
textures/triton/LICENSE-normal	173	9c6983eb8db9115d0fc0dc9739f51bd38212a8a5bc4377d373f94f685df93e4f	https://gitlab.com/Dexter9313/prograde-data/-/raw/master/solarsystem/systems/Solar%20System/images/Triton/LICENSE-normal
textures/triton/diffuse.jpg	3826004	adb56e2fd53f83abfc3315008524f9433dabdd41d822765885a1e2cd847c57b1	https://gitlab.com/Dexter9313/prograde-data/-/raw/master/solarsystem/systems/Solar%20System/images/Triton/diffuse.jpg
textures/triton/normal.png	14659464	d1c749a9618dc972d9b2aba2cb4a87781155d1f55a779b2b06d77c6626e0ae60	https://gitlab.com/Dexter9313/prograde-data/-/raw/master/solarsystem/systems/Solar%20System/images/Triton/normal.png
textures/umbriel/LICENSE-diffuse	284	c54978f48fe1ff393af1ff9c52a36f861e42c2e2f06d639960d3322af3231a7f	https://gitlab.com/Dexter9313/prograde-data/-/raw/master/solarsystem/systems/Solar%20System/images/Umbriel/LICENSE-diffuse
textures/umbriel/LICENSE-normal	284	c54978f48fe1ff393af1ff9c52a36f861e42c2e2f06d639960d3322af3231a7f	https://gitlab.com/Dexter9313/prograde-data/-/raw/master/solarsystem/systems/Solar%20System/images/Umbriel/LICENSE-normal
textures/umbriel/diffuse.jpg	930718	8099c7c622d8336d3805f702ca59f62d3b170fd8f3f2f910576c033616ee964b	https://gitlab.com/Dexter9313/prograde-data/-/raw/master/solarsystem/systems/Solar%20System/images/Umbriel/diffuse.jpg
textures/umbriel/normal.png	11496244	ab2c534f54994372eaccb1952af96f2fedda81f911cb4b7daabfc7b8f1373d3b	https://gitlab.com/Dexter9313/prograde-data/-/raw/master/solarsystem/systems/Solar%20System/images/Umbriel/normal.png
textures/uranus/LICENSE-diffuse	101	7d5da0f49c8daa703129cb920e9acda658465950263a0edf355ce47969039d38	https://gitlab.com/Dexter9313/prograde-data/-/raw/master/solarsystem/systems/Solar%20System/images/Uranus/LICENSE-diffuse
textures/uranus/LICENSE-rings	231	15ea02351b6aeba48639bf2e6ae9c1dea43c0171c59e910d4ea97c88ae4bd748	https://gitlab.com/Dexter9313/prograde-data/-/raw/master/solarsystem/systems/Solar%20System/images/Uranus/LICENSE-rings
textures/uranus/diffuse.png	274222	edd26ef26ddf6d17143dadb90d8e34f93d6340d95ea2f4a40702a44a00267a1d	https://gitlab.com/Dexter9313/prograde-data/-/raw/master/solarsystem/systems/Solar%20System/images/Uranus/diffuse.png
textures/uranus/rings.png	7103	71d2ab5ca84b69f3ca7940996e8b87a1e8d89f8488c2d3c68cd81c5f80241acc	https://gitlab.com/Dexter9313/prograde-data/-/raw/master/solarsystem/systems/Solar%20System/images/Uranus/rings.png
textures/venus/LICENSE-diffuse	134	f885f74447025b1f67f12e6a11cd5b124aadc070877d06b2502b384fef064909	https://gitlab.com/Dexter9313/prograde-data/-/raw/master/solarsystem/systems/Solar%20System/images/Venus/LICENSE-diffuse
textures/venus/diffuse.png	2579442	54896668f8ef99dc12e06c21a0a29820a70008e9124d5c22aa8e5c263a339eb2	https://gitlab.com/Dexter9313/prograde-data/-/raw/master/solarsystem/systems/Solar%20System/images/Venus/diffuse.png
textures/vesta/LICENSE-diffuse	113	cae3eee53ac8c78f515b963be9229ccb277a78655c8dea9410e8919376fb04fe	https://gitlab.com/Dexter9313/prograde-data/-/raw/master/solarsystem/systems/Solar%20System/images/Vesta/LICENSE-diffuse
textures/vesta/LICENSE-normal	247	2fd2933f29b900fb1d003c9786bc2bc52fbaef155974ec4a0614d7b4e8723c22	https://gitlab.com/Dexter9313/prograde-data/-/raw/master/solarsystem/systems/Solar%20System/images/Vesta/LICENSE-normal
textures/vesta/diffuse.png	20532704	1539e1e2727f4fa995ce5c54decff78d42bf6556c9b179a8d53d0ca59e719738	https://gitlab.com/Dexter9313/prograde-data/-/raw/master/solarsystem/systems/Solar%20System/images/Vesta/diffuse.png
textures/vesta/normal.png	25693652	2253853640c6e4a9d61b468106552aec34bbb3c463a20f2d161708741dfc61de	https://gitlab.com/Dexter9313/prograde-data/-/raw/master/solarsystem/systems/Solar%20System/images/Vesta/normal.png
